bb,set,n,auc_diff,lo,hi,seeds_CI_excl_0
dinov2,test_cbis_ddsm,369,-0.045931360659713705,-0.0912847880316189,-0.0020285922704362334,2
dinov2,test_cdd_cesm,566,-0.0399349398621752,-0.07085926116397527,-0.008456063309174,2
dinov2,test_cmmd,1867,-0.010810161827068699,-0.029834389482181065,0.008057343010459767,1
dinov2,test_embed,297,-0.023702834382446036,-0.10264836571588316,0.054002371942892334,0
dinov2,test_embed_ge,324,-0.0575136903491927,-0.13029876120314654,0.006818577823591767,2
ft2,test_cbis_ddsm,369,-0.09111993693912207,-0.14880243366786336,-0.038702693805386636,3
ft2,test_cdd_cesm,566,-0.055503241117246166,-0.10044709375260104,-0.007283824036187633,2
ft2,test_cmmd,1867,-0.004740386562955134,-0.0270359092174494,0.018768796439022736,0
ft2,test_embed,297,-0.0148653935061702,-0.087505474416659,0.05844118306970947,0
ft2,test_embed_ge,324,-0.037586231420240264,-0.1079529841939188,0.040578101268024365,1
