config,set,n,auc_mean,auc_sd
cb_embed_dinov2,test_cbis_ddsm,369,0.7183078664402943,0.005410723904601844
cb_embed_dinov2,test_cdd_cesm,566,0.7838510084796949,0.021762950409833913
cb_embed_dinov2,test_cmmd,1867,0.7693359380370138,0.01086025779474964
cb_embed_dinov2,test_embed,297,0.6836213947864432,0.01366232299958788
cb_embed_dinov2,test_embed_fuji,13,0.7555555555555555,0.13368010461684404
cb_embed_dinov2,test_embed_ge,324,0.6633383116421308,0.005467261114886719
cb_embed_ft2,test_cbis_ddsm,369,0.7058018028943325,0.013060946382723454
cb_embed_ft2,test_cdd_cesm,566,0.741859160020355,0.023530126190845536
cb_embed_ft2,test_cmmd,1867,0.7435922639750784,0.025259598398937422
cb_embed_ft2,test_embed,297,0.6355666986734948,0.012082616869411023
cb_embed_ft2,test_embed_fuji,13,0.5555555555555555,0.050917507721731516
cb_embed_ft2,test_embed_ge,324,0.6504231562477775,0.00019241518040630194
opq_embed_dinov2,test_cbis_ddsm,369,0.764239227100008,0.012199800730625395
opq_embed_dinov2,test_cdd_cesm,566,0.82378594834187,0.005637593785578554
opq_embed_dinov2,test_cmmd,1867,0.7801460998640826,0.007351459666009381
opq_embed_dinov2,test_embed,297,0.7073242291688894,0.019175421203602824
opq_embed_dinov2,test_embed_fuji,13,0.6999999999999998,0.0
opq_embed_dinov2,test_embed_ge,324,0.7208520019913235,0.014423508250243402
opq_embed_ft2,test_cbis_ddsm,369,0.7969217398334546,0.01016852921532756
opq_embed_ft2,test_cdd_cesm,566,0.7973624011376012,0.02561844571200563
opq_embed_ft2,test_cmmd,1867,0.7483326505380336,0.018950154788237143
opq_embed_ft2,test_embed,297,0.650432092179665,0.013518886067763641
opq_embed_ft2,test_embed_fuji,13,0.5333333333333333,0.05773502691896259
opq_embed_ft2,test_embed_ge,324,0.6880093876680178,0.038999876948270826
