bb,set,oracle,pred,n,cov,gain_oracle
dinov2,test_cbis_ddsm,0.749,0.7183,369,0.0,0.0307
dinov2,test_cdd_cesm,0.8805,0.7839,566,0.011,0.0967
dinov2,test_cmmd,0.7693,0.7692,1867,0.0,0.0001
dinov2,test_embed,0.7397,0.6838,297,0.0,0.0559
dinov2,test_embed_ge,0.6685,0.6636,324,0.0,0.0049
dinov2,val,0.763,0.7178,356,0.0,0.0452
ft2,test_cbis_ddsm,0.7502,0.7058,369,0.0,0.0444
ft2,test_cdd_cesm,0.8979,0.7418,566,0.011,0.1561
ft2,test_cmmd,0.7682,0.7436,1867,0.0,0.0247
ft2,test_embed,0.7438,0.6357,297,0.0,0.1081
ft2,test_embed_ge,0.6807,0.6508,324,0.0,0.0299
ft2,val,0.7705,0.714,356,0.0,0.0565
