a,b,set,head,n,f1_diff,lo,hi,p,equivalent_at_0.03,auc_diff,auc_lo,auc_hi,auc_p
cb_embed_dinov2_s0,opq_embed_dinov2_s0,test_cbis_ddsm,density,368,0.0716808194098166,0.0069942022203918,0.1363958117396914,0.0133333333333333,False,,,,
cb_embed_dinov2_s0,opq_embed_dinov2_s0,test_cbis_ddsm,mass_shape,189,0.0269553122769239,-0.0151398253602811,0.0693016983089784,0.2266666666666666,False,,,,
cb_embed_dinov2_s0,opq_embed_dinov2_s0,test_cbis_ddsm,mass_margin,203,0.0646882086914809,-0.0205033919053655,0.1429082085425262,0.1333333333333333,False,,,,
cb_embed_dinov2_s0,opq_embed_dinov2_s0,test_cbis_ddsm,calc_morphology,159,-0.0103036804431355,-0.0570883135020921,0.0392742801134529,0.6733333333333333,False,,,,
cb_embed_dinov2_s0,opq_embed_dinov2_s0,test_cbis_ddsm,calc_distribution,140,0.0957144884347949,-0.0299974325844266,0.2097102735126514,0.28,False,,,,
cb_embed_dinov2_s0,opq_embed_dinov2_s0,test_cbis_ddsm,birads,344,-0.121468899566635,-0.1936698101412932,-0.0705178769515971,0.0,False,,,,
cb_embed_dinov2_s0,opq_embed_dinov2_s0,test_cbis_ddsm,malignant,369,-0.0432338312501014,-0.0981782743959296,0.0038296935958292,0.08,False,-0.061196337618239,-0.1030577565855764,-0.0201504181075151,0.0
cb_embed_dinov2_s0,opq_embed_dinov2_s0,test_cdd_cesm,density,518,0.0682889326277744,-0.0012090244916489,0.1459209210388256,0.0533333333333333,False,,,,
cb_embed_dinov2_s0,opq_embed_dinov2_s0,test_cdd_cesm,mass,566,0.1054487306855802,0.0698105202149261,0.1429620117072888,0.0,False,0.0700466200466201,0.0430041743273563,0.0964593933091533,0.0
cb_embed_dinov2_s0,opq_embed_dinov2_s0,test_cdd_cesm,mass_shape,175,-0.0104993035592875,-0.0428788449685975,0.0180045885387922,0.48,False,,,,
cb_embed_dinov2_s0,opq_embed_dinov2_s0,test_cdd_cesm,mass_margin,175,0.0059488333478313,-0.0322257300347762,0.0468920976246212,0.6466666666666666,False,,,,
cb_embed_dinov2_s0,opq_embed_dinov2_s0,test_cdd_cesm,calc,566,-0.002692850767032,-0.0462982380182058,0.0300297239444684,0.82,False,0.0560414048317274,0.0240518329616527,0.0885240146856027,0.0
cb_embed_dinov2_s0,opq_embed_dinov2_s0,test_cdd_cesm,calc_morphology,99,0.017007323734188,-0.0398199294202767,0.1774069849672292,0.4333333333333333,False,,,,
cb_embed_dinov2_s0,opq_embed_dinov2_s0,test_cdd_cesm,calc_distribution,27,-0.0936407342657343,-0.1996132133408919,0.0342325036075035,0.1666666666666666,False,,,,
cb_embed_dinov2_s0,opq_embed_dinov2_s0,test_cdd_cesm,asymmetry,566,-0.0290152259412247,-0.0787432792397564,0.0122912473191936,0.1533333333333333,False,-0.0219637518684603,-0.0730855179614596,0.0225607629737712,0.28
cb_embed_dinov2_s0,opq_embed_dinov2_s0,test_cdd_cesm,distortion,566,0.063222914293323,0.0198240571195612,0.107933282367427,0.0133333333333333,False,0.0118162506638345,-0.050174522905948,0.0708657190405208,0.7533333333333333
cb_embed_dinov2_s0,opq_embed_dinov2_s0,test_cdd_cesm,birads,566,-0.0037078762343593,-0.0370773786297704,0.0358919634167475,0.92,False,,,,
cb_embed_dinov2_s0,opq_embed_dinov2_s0,test_cdd_cesm,malignant,566,-0.0758141340272327,-0.1083867541101207,-0.0390562275748271,0.0,False,-0.06507440539885,-0.0920889834607729,-0.0328729786180988,0.0
cb_embed_dinov2_s0,opq_embed_dinov2_s0,test_cmmd,malignant,1867,-0.101448569599959,-0.1172369935773206,-0.0854772345528998,0.0,False,-0.016112136067814,-0.036407702686365,0.0030795028669523,0.1
cb_embed_dinov2_s0,opq_embed_dinov2_s0,test_embed,density,13097,0.0380388956099611,0.0274737831234056,0.0501781445219446,0.0,False,,,,
cb_embed_dinov2_s0,opq_embed_dinov2_s0,test_embed,mass,10301,0.0227600375195214,0.0056094073462217,0.038460855899777,0.0133333333333333,False,0.0407548386589383,0.0219783751130481,0.0573692136355546,0.0
cb_embed_dinov2_s0,opq_embed_dinov2_s0,test_embed,mass_shape,448,-0.0045422471291345,-0.0337572080146218,0.0363303885765306,0.84,False,,,,
cb_embed_dinov2_s0,opq_embed_dinov2_s0,test_embed,mass_margin,318,0.0473123952439996,-0.0250060817624859,0.1189693851548906,0.2133333333333333,False,,,,
cb_embed_dinov2_s0,opq_embed_dinov2_s0,test_embed,calc,10354,0.0100974321979532,-0.0091841590382315,0.0250677945832178,0.2733333333333333,True,0.0225936365853308,0.0014676463922397,0.0434304642644583,0.0333333333333333
cb_embed_dinov2_s0,opq_embed_dinov2_s0,test_embed,calc_morphology,308,0.0138351760227806,-0.0648629954764443,0.0592072036725432,0.7333333333333333,False,,,,
cb_embed_dinov2_s0,opq_embed_dinov2_s0,test_embed,calc_distribution,289,0.0273169162794539,0.0047929882090282,0.0549066159653062,0.0133333333333333,False,,,,
cb_embed_dinov2_s0,opq_embed_dinov2_s0,test_embed,asymmetry,10819,0.0273066827887105,0.0094896511708542,0.0430671115441184,0.0,False,0.0173195682951829,0.0008438438086767,0.0348784383895515,0.0333333333333333
cb_embed_dinov2_s0,opq_embed_dinov2_s0,test_embed,distortion,9887,0.0354191725672158,0.0005693181491256,0.0697936323408282,0.0533333333333333,False,-0.0156438609768148,-0.0656506047581616,0.0331410399520908,0.5933333333333334
cb_embed_dinov2_s0,opq_embed_dinov2_s0,test_embed,birads,11881,-0.0448038879901481,-0.0768455867253342,-0.0121563373026029,0.0,False,,,,
cb_embed_dinov2_s0,opq_embed_dinov2_s0,test_embed,malignant,297,-0.0788907168970471,-0.138369857485282,-0.0247662245809785,0.0,False,-0.0436093033180412,-0.1182409617113476,0.03707871280514,0.28
cb_embed_dinov2_s0,opq_embed_dinov2_s0,test_embed_fuji,density,3951,0.0227117804543131,0.0006876529819898,0.0416609467010706,0.0466666666666666,False,,,,
cb_embed_dinov2_s0,opq_embed_dinov2_s0,test_embed_fuji,mass,3391,0.0465540701025283,0.0231926551641426,0.0742099347204805,0.0,False,0.070080490016142,0.0273833348125507,0.115057505193537,0.0
cb_embed_dinov2_s0,opq_embed_dinov2_s0,test_embed_fuji,mass_shape,61,-0.0031019577930333,-0.1687257189953646,0.0,0.74,False,,,,
cb_embed_dinov2_s0,opq_embed_dinov2_s0,test_embed_fuji,mass_margin,40,0.3766813954907138,0.0815900439310089,0.5424677010362492,0.0133333333333333,False,,,,
cb_embed_dinov2_s0,opq_embed_dinov2_s0,test_embed_fuji,calc,3470,0.0499236253208542,0.0174866350109512,0.0893028025804518,0.0066666666666666,False,0.048384388015585,0.0143195509134531,0.0829171088625033,0.0066666666666666
cb_embed_dinov2_s0,opq_embed_dinov2_s0,test_embed_fuji,calc_morphology,132,-0.0054816797384513,-0.0167112973363076,0.0695213153485306,0.4,False,,,,
cb_embed_dinov2_s0,opq_embed_dinov2_s0,test_embed_fuji,calc_distribution,39,0.0492739898989898,0.0007764846532962,0.1604225517705023,0.0533333333333333,False,,,,
cb_embed_dinov2_s0,opq_embed_dinov2_s0,test_embed_fuji,asymmetry,3507,0.0240327942405624,-0.0034696661607141,0.0475488801246006,0.0866666666666666,False,0.0350971180526937,0.0033235044586949,0.0671529072237781,0.0333333333333333
cb_embed_dinov2_s0,opq_embed_dinov2_s0,test_embed_fuji,distortion,3324,0.1150052076813617,-0.0003049649844516,0.2125548974132349,0.0666666666666666,False,0.0338168631006345,-0.0603739184820106,0.109415408792638,0.36
cb_embed_dinov2_s0,opq_embed_dinov2_s0,test_embed_fuji,birads,3620,0.0010841839687564,-0.0491470093572722,0.0137717210478547,0.54,False,,,,
cb_embed_dinov2_s0,opq_embed_dinov2_s0,test_embed_ge,density,23174,0.0464670955009541,0.036585328115176,0.0549864879958688,0.0,False,,,,
cb_embed_dinov2_s0,opq_embed_dinov2_s0,test_embed_ge,mass,18164,0.0213022057263998,0.0077356590347724,0.0331261163772425,0.0,False,0.0344551909984746,0.0226931589053266,0.0455687177485519,0.0
cb_embed_dinov2_s0,opq_embed_dinov2_s0,test_embed_ge,mass_shape,760,0.0142882395149158,-0.0193149976668282,0.0518131303356132,0.3466666666666667,False,,,,
cb_embed_dinov2_s0,opq_embed_dinov2_s0,test_embed_ge,mass_margin,669,0.0736576559930968,0.0442397812157506,0.1110383441334488,0.0,False,,,,
cb_embed_dinov2_s0,opq_embed_dinov2_s0,test_embed_ge,calc,18613,0.0370212625272001,0.0223913252284058,0.0503327012051094,0.0,False,0.0288027814136908,0.0189389127236172,0.0399910772276604,0.0
cb_embed_dinov2_s0,opq_embed_dinov2_s0,test_embed_ge,calc_morphology,1123,0.0299084908601889,0.0058272739384615,0.0557646538873532,0.0133333333333333,False,,,,
cb_embed_dinov2_s0,opq_embed_dinov2_s0,test_embed_ge,calc_distribution,499,0.047079315315031,0.012381644260133,0.095233397358639,0.0,False,,,,
cb_embed_dinov2_s0,opq_embed_dinov2_s0,test_embed_ge,asymmetry,18899,0.0108883016801001,-0.0005590092536625,0.0202543344645307,0.0666666666666666,True,0.0045321587604316,-0.0077702141826082,0.0160779791402387,0.4733333333333333
cb_embed_dinov2_s0,opq_embed_dinov2_s0,test_embed_ge,distortion,17266,0.0142790992687117,-0.0169303623342344,0.0490407140477938,0.4466666666666666,False,0.0250932560815565,-0.0204730138864304,0.0685382486659368,0.2933333333333333
cb_embed_dinov2_s0,opq_embed_dinov2_s0,test_embed_ge,birads,21363,-0.0192975492098945,-0.0343388575055889,-0.0025875144274795,0.0133333333333333,False,,,,
cb_embed_dinov2_s0,opq_embed_dinov2_s0,test_embed_ge,malignant,324,-0.0872669849572047,-0.138349899454928,-0.0411350033964971,0.0,False,-0.0696820994239385,-0.1469282482223659,-0.0059284953327922,0.04
cb_embed_dinov2_s0,opq_embed_dinov2_s0,test_inbreast,density,409,0.0623690737425314,0.0156696804093837,0.1084123078982911,0.02,False,,,,
cb_embed_dinov2_s0,opq_embed_dinov2_s0,test_inbreast,mass,410,0.1288797793645036,0.089912065337324,0.1736217468168689,0.0,False,0.0905383860681873,0.0596242566968313,0.1196068225394519,0.0
cb_embed_dinov2_s0,opq_embed_dinov2_s0,test_inbreast,calc,410,-0.0138170845327997,-0.046737944593667,0.0204509488988203,0.46,False,0.0788133435192258,0.038164412587793,0.1274862196479481,0.0
cb_embed_dinov2_s0,opq_embed_dinov2_s0,test_inbreast,asymmetry,410,0.0391621281943862,-0.0070998536864753,0.099196944691778,0.2866666666666667,False,0.1350108225108225,0.0199752291720557,0.2503233552352928,0.0266666666666666
cb_embed_dinov2_s0,opq_embed_dinov2_s0,test_inbreast,distortion,410,0.1707455729158186,0.011460256801366,0.3111422752855904,0.0,False,0.1122031122031121,0.0518337408312958,0.1621224165341811,0.0
cb_embed_dinov2_s0,opq_embed_dinov2_s0,test_inbreast,birads,410,-0.1151474671783662,-0.1606440171097554,-0.0790972752108485,0.0,False,,,,
cb_embed_dinov2_s0,opq_embed_dinov2_s0,test_vindr,density,2000,-0.0269802808922137,-0.0776782524423527,0.0289389768175109,0.2666666666666666,False,,,,
cb_embed_dinov2_s0,opq_embed_dinov2_s0,test_vindr,mass,2000,0.0016912729454005,-0.0216708519653689,0.0297406587201125,0.98,True,0.0034064662547635,-0.0251467546244906,0.034381007843802,0.78
cb_embed_dinov2_s0,opq_embed_dinov2_s0,test_vindr,calc,2000,0.0127564217383298,-0.0314872334501509,0.0544244927480055,0.5933333333333334,False,0.0217587834494309,-0.0164579401321349,0.0676539132924653,0.2533333333333333
cb_embed_dinov2_s0,opq_embed_dinov2_s0,test_vindr,asymmetry,2000,0.0002566289997313,-0.0003852460432516,0.0010273105252613,0.58,True,0.0450632328790051,0.000629576597347,0.0964339567104686,0.0533333333333333
cb_embed_dinov2_s0,opq_embed_dinov2_s0,test_vindr,distortion,2000,-0.0759112314882118,-0.1660332910769286,0.0015132727118155,0.2466666666666666,False,0.024408656265727,-0.0410660526127159,0.0852957436837545,0.4733333333333333
cb_embed_dinov2_s0,opq_embed_dinov2_s0,test_vindr,birads,2000,-0.0582362891481974,-0.1008411944005135,-0.0160346736065324,0.0066666666666666,False,,,,
cb_embed_dinov2_s1,opq_embed_dinov2_s1,test_cbis_ddsm,density,368,0.1146135971471015,0.048858458449011,0.1893399806518328,0.0,False,,,,
cb_embed_dinov2_s1,opq_embed_dinov2_s1,test_cbis_ddsm,mass_shape,189,-0.012082060024689,-0.0708097747020812,0.0411174360349812,0.6266666666666667,False,,,,
cb_embed_dinov2_s1,opq_embed_dinov2_s1,test_cbis_ddsm,mass_margin,203,0.0638614264602242,0.016124294743812,0.1112738600554113,0.0066666666666666,False,,,,
cb_embed_dinov2_s1,opq_embed_dinov2_s1,test_cbis_ddsm,calc_morphology,159,0.0423325360309311,0.0057790267225751,0.0845704264202509,0.0133333333333333,False,,,,
cb_embed_dinov2_s1,opq_embed_dinov2_s1,test_cbis_ddsm,calc_distribution,140,0.033772832999886,-0.0050301555773758,0.0765573202026557,0.0933333333333333,False,,,,
cb_embed_dinov2_s1,opq_embed_dinov2_s1,test_cbis_ddsm,birads,344,0.0158728508893239,-0.0190416914295137,0.1107009526668582,0.3933333333333333,False,,,,
cb_embed_dinov2_s1,opq_embed_dinov2_s1,test_cbis_ddsm,malignant,369,-0.0326276372642385,-0.0852897008268395,0.0155057272155655,0.26,False,-0.0294536745088526,-0.0773716734654233,0.0218203411885989,0.1933333333333333
cb_embed_dinov2_s1,opq_embed_dinov2_s1,test_cdd_cesm,density,518,0.0942181809189501,-0.1011250045229714,0.1459587500949823,0.1066666666666666,False,,,,
cb_embed_dinov2_s1,opq_embed_dinov2_s1,test_cdd_cesm,mass,566,0.1082368853116968,0.0740530037071428,0.1438895343575609,0.0,False,0.0993516899766899,0.0742241835670976,0.1229298649012868,0.0
cb_embed_dinov2_s1,opq_embed_dinov2_s1,test_cdd_cesm,mass_shape,175,0.1173109230441277,0.057444681059097,0.1728669241788679,0.0,False,,,,
cb_embed_dinov2_s1,opq_embed_dinov2_s1,test_cdd_cesm,mass_margin,175,0.0330048836811245,-0.0091901373987315,0.0773997661031329,0.1066666666666666,False,,,,
cb_embed_dinov2_s1,opq_embed_dinov2_s1,test_cdd_cesm,calc,566,0.0306705430018012,-0.0128725627898217,0.0716381385690088,0.14,False,0.0343178327049296,0.0062270340931966,0.0598364121789634,0.0133333333333333
cb_embed_dinov2_s1,opq_embed_dinov2_s1,test_cdd_cesm,calc_morphology,99,-0.0024024410624726,-0.1941690446529702,0.0582338696983621,0.6333333333333333,False,,,,
cb_embed_dinov2_s1,opq_embed_dinov2_s1,test_cdd_cesm,calc_distribution,27,-0.0916666666666666,-0.3806779233870968,0.0592123445560124,0.2533333333333333,False,,,,
cb_embed_dinov2_s1,opq_embed_dinov2_s1,test_cdd_cesm,asymmetry,566,-0.0153343997558339,-0.0594964793027065,0.0358247530280021,0.5733333333333334,False,-0.0300261584454409,-0.0893758752655203,0.0198836831963632,0.1866666666666666
cb_embed_dinov2_s1,opq_embed_dinov2_s1,test_cdd_cesm,distortion,566,0.0821865766893757,0.0063355561309518,0.1558534379187141,0.0133333333333333,False,0.0897835900159321,0.0360591333675674,0.1477757195978515,0.0066666666666666
cb_embed_dinov2_s1,opq_embed_dinov2_s1,test_cdd_cesm,birads,566,0.0562821075195647,0.0204339734260898,0.0961190348359346,0.0066666666666666,False,,,,
cb_embed_dinov2_s1,opq_embed_dinov2_s1,test_cdd_cesm,malignant,566,-0.0318902034696848,-0.0631649425240465,-0.0030684388900725,0.0266666666666666,False,-0.0145743269271925,-0.0404295968477263,0.0143359132804118,0.3133333333333333
cb_embed_dinov2_s1,opq_embed_dinov2_s1,test_cmmd,malignant,1867,-0.0619409693285852,-0.0772261521944581,-0.0492115530356862,0.0,False,0.0067995413815192,-0.0083946484585655,0.0239124740540307,0.48
cb_embed_dinov2_s1,opq_embed_dinov2_s1,test_embed,density,13097,0.0585700323360053,0.0474217241216352,0.0733754835772503,0.0,False,,,,
cb_embed_dinov2_s1,opq_embed_dinov2_s1,test_embed,mass,10301,0.0592050821873566,0.032456634726851,0.0821679510378023,0.0,False,0.0735054422624711,0.0533013090257624,0.0957424222819551,0.0
cb_embed_dinov2_s1,opq_embed_dinov2_s1,test_embed,mass_shape,448,0.0004659888250362,-0.0309570249740393,0.0351074652104989,0.86,False,,,,
cb_embed_dinov2_s1,opq_embed_dinov2_s1,test_embed,mass_margin,318,-0.0018053794994619,-0.0436332836714721,0.0431682842731734,0.8333333333333334,False,,,,
cb_embed_dinov2_s1,opq_embed_dinov2_s1,test_embed,calc,10354,0.0201997646742094,0.0019349838238838,0.037284649527483,0.0266666666666666,False,0.0296105528539254,0.0109520210838554,0.0542381594564794,0.02
cb_embed_dinov2_s1,opq_embed_dinov2_s1,test_embed,calc_morphology,308,0.0532570650518723,0.0025880583055731,0.097289131829062,0.0333333333333333,False,,,,
cb_embed_dinov2_s1,opq_embed_dinov2_s1,test_embed,calc_distribution,289,0.0159724513361926,-0.014693831497839,0.0471691678200668,0.3733333333333333,False,,,,
cb_embed_dinov2_s1,opq_embed_dinov2_s1,test_embed,asymmetry,10819,0.0553707963252576,0.0367327033691262,0.0740040121027119,0.0,False,0.0454835660108594,0.0283904851239423,0.0621242457786211,0.0
cb_embed_dinov2_s1,opq_embed_dinov2_s1,test_embed,distortion,9887,0.0252966164545512,-0.019774253605254,0.0669060061313328,0.36,False,0.0042670761225115,-0.0502484064033479,0.0529605994557427,0.8866666666666667
cb_embed_dinov2_s1,opq_embed_dinov2_s1,test_embed,birads,11881,-0.019667908849194,-0.0450388993189744,0.0021007947504415,0.08,False,,,,
cb_embed_dinov2_s1,opq_embed_dinov2_s1,test_embed,malignant,297,-0.0324511743028034,-0.0887872952173312,0.0197966327147839,0.22,False,0.0137896084498027,-0.0561136924559732,0.0804476332536832,0.7533333333333333
cb_embed_dinov2_s1,opq_embed_dinov2_s1,test_embed_fuji,density,3951,0.0377304316560075,0.0141986371344032,0.0576724415935267,0.0,False,,,,
cb_embed_dinov2_s1,opq_embed_dinov2_s1,test_embed_fuji,mass,3391,0.099961101628558,0.0491960352717541,0.1482877233673498,0.0,False,0.1124059291363538,0.0615369019859002,0.1707036040454636,0.0
cb_embed_dinov2_s1,opq_embed_dinov2_s1,test_embed_fuji,mass_shape,61,0.0,-0.1668436899589398,0.1647799040040418,1.0,False,,,,
cb_embed_dinov2_s1,opq_embed_dinov2_s1,test_embed_fuji,mass_margin,40,0.1870284308365227,0.0,0.3844354105732162,0.06,False,,,,
cb_embed_dinov2_s1,opq_embed_dinov2_s1,test_embed_fuji,calc,3470,-0.002656656366941,-0.0287232030291068,0.0258345223473796,0.8733333333333333,True,0.0420753280487259,0.0066758760522294,0.0749535426981414,0.0133333333333333
cb_embed_dinov2_s1,opq_embed_dinov2_s1,test_embed_fuji,calc_morphology,132,-0.0519727891156462,-0.0919284750915631,-0.0035300936396477,0.0066666666666666,False,,,,
cb_embed_dinov2_s1,opq_embed_dinov2_s1,test_embed_fuji,calc_distribution,39,0.0567239529236125,0.0122353217990308,0.1654140318334691,0.0333333333333333,False,,,,
cb_embed_dinov2_s1,opq_embed_dinov2_s1,test_embed_fuji,asymmetry,3507,0.0234640732491753,-0.0079227968313019,0.0549342364768083,0.1333333333333333,False,0.0766191684142727,0.0358657661433255,0.1130846249117895,0.0
cb_embed_dinov2_s1,opq_embed_dinov2_s1,test_embed_fuji,distortion,3324,0.0132704399215201,-0.0975902064014048,0.1238043589229055,0.8266666666666667,False,0.1010980155132466,0.0035389896196852,0.2060477954268871,0.0533333333333333
cb_embed_dinov2_s1,opq_embed_dinov2_s1,test_embed_fuji,birads,3620,-0.0027793685395018,-0.0101508382455727,0.0631717733036085,0.9133333333333332,False,,,,
cb_embed_dinov2_s1,opq_embed_dinov2_s1,test_embed_ge,density,23174,0.0612631103276033,0.0508225633573665,0.0742687850807986,0.0,False,,,,
cb_embed_dinov2_s1,opq_embed_dinov2_s1,test_embed_ge,mass,18164,0.0809250895362355,0.0609046082175659,0.1001486181308124,0.0,False,0.0716484380437585,0.0571542208983211,0.087658454673012,0.0
cb_embed_dinov2_s1,opq_embed_dinov2_s1,test_embed_ge,mass_shape,760,0.0163021941723566,-0.015732937720605,0.059638750677593,0.3466666666666667,False,,,,
cb_embed_dinov2_s1,opq_embed_dinov2_s1,test_embed_ge,mass_margin,669,0.0537622470960265,0.024281618578251,0.0930707992633926,0.0,False,,,,
cb_embed_dinov2_s1,opq_embed_dinov2_s1,test_embed_ge,calc,18613,0.0609992542304458,0.0460761958831414,0.0764237275639043,0.0,False,0.0328552096402323,0.0211327258540126,0.0460263556343793,0.0
cb_embed_dinov2_s1,opq_embed_dinov2_s1,test_embed_ge,calc_morphology,1123,-0.0116777795779528,-0.0306941086837984,0.0028921756830589,0.1666666666666666,False,,,,
cb_embed_dinov2_s1,opq_embed_dinov2_s1,test_embed_ge,calc_distribution,499,0.0499483266947211,0.0117691065166361,0.1028098655795172,0.0,False,,,,
cb_embed_dinov2_s1,opq_embed_dinov2_s1,test_embed_ge,asymmetry,18899,0.0474046495709444,0.0340644624706039,0.0601802379930059,0.0,False,0.0299581937353002,0.0197228694301833,0.0400643108528946,0.0
cb_embed_dinov2_s1,opq_embed_dinov2_s1,test_embed_ge,distortion,17266,0.0234222505956183,0.0020637834521969,0.0462189376750771,0.02,False,0.0785134184148963,0.0255919835195098,0.1284860164932937,0.0066666666666666
cb_embed_dinov2_s1,opq_embed_dinov2_s1,test_embed_ge,birads,21363,0.0063505149165854,-0.007136276122841,0.0191461127652423,0.32,True,,,,
cb_embed_dinov2_s1,opq_embed_dinov2_s1,test_embed_ge,malignant,324,-0.0508594040229513,-0.0971487529237622,-0.003559230458503,0.02,False,-0.0376360145082141,-0.1101609611811129,0.029649814638283,0.2933333333333333
cb_embed_dinov2_s1,opq_embed_dinov2_s1,test_inbreast,density,409,0.0765362597529134,0.0153001105079569,0.1433482421483256,0.0066666666666666,False,,,,
cb_embed_dinov2_s1,opq_embed_dinov2_s1,test_inbreast,mass,410,0.1000119133106209,0.0517034274190905,0.1429970863142567,0.0,False,0.0863993132205055,0.0552466576504447,0.1173578432034081,0.0
cb_embed_dinov2_s1,opq_embed_dinov2_s1,test_inbreast,calc,410,0.0616919569703076,0.0275385023945684,0.1021367446778866,0.0,False,0.0809619302266362,0.0401738157886739,0.1264127794195629,0.0
cb_embed_dinov2_s1,opq_embed_dinov2_s1,test_inbreast,asymmetry,410,0.0337407764205979,-0.0164896924207024,0.0891780041198027,0.3466666666666667,False,0.1101190476190476,-0.0083338554590571,0.2080405536656374,0.08
cb_embed_dinov2_s1,opq_embed_dinov2_s1,test_inbreast,distortion,410,0.0545062697277697,-0.0271888562808828,0.1408243704215494,0.3466666666666667,False,0.0958230958230957,-0.0122519056522364,0.1719060692165826,0.1333333333333333
cb_embed_dinov2_s1,opq_embed_dinov2_s1,test_inbreast,birads,410,0.0178722395794096,-0.0236459409176384,0.0618855831482667,0.4533333333333333,False,,,,
cb_embed_dinov2_s1,opq_embed_dinov2_s1,test_vindr,density,2000,0.1029231192314099,0.0355241744896689,0.1603228894986707,0.0,False,,,,
cb_embed_dinov2_s1,opq_embed_dinov2_s1,test_vindr,mass,2000,0.0277289155731241,-0.0069956962995199,0.0578197857918923,0.12,False,0.0212340119460863,-0.0060041479892358,0.0478546055125742,0.1266666666666666
cb_embed_dinov2_s1,opq_embed_dinov2_s1,test_vindr,calc,2000,0.0113668655868144,-0.0371202713126892,0.0676741383669689,0.6533333333333333,False,0.0353574283430399,-0.0041300361429602,0.0745134984935332,0.1333333333333333
cb_embed_dinov2_s1,opq_embed_dinov2_s1,test_vindr,asymmetry,2000,0.0,-0.0005140390159468,0.0003867095394149,1.0,True,0.0109206163244385,-0.0206435851105716,0.0481600089941406,0.5
cb_embed_dinov2_s1,opq_embed_dinov2_s1,test_vindr,distortion,2000,-0.0988593876912477,-0.1936915282690518,0.0013879171153557,0.14,False,0.0025163563160542,-0.0687504302631729,0.0816011318531562,0.9733333333333334
cb_embed_dinov2_s1,opq_embed_dinov2_s1,test_vindr,birads,2000,-0.0349313223747727,-0.0786140263848417,0.0110169661318784,0.1333333333333333,False,,,,
cb_embed_dinov2_s2,opq_embed_dinov2_s2,test_cbis_ddsm,density,368,0.0250320167187709,-0.0361634547889978,0.0825203619969998,0.34,False,,,,
cb_embed_dinov2_s2,opq_embed_dinov2_s2,test_cbis_ddsm,mass_shape,189,0.0393823456951146,-0.0056068295182871,0.0880327592956458,0.1066666666666666,False,,,,
cb_embed_dinov2_s2,opq_embed_dinov2_s2,test_cbis_ddsm,mass_margin,203,0.0125989303730962,-0.0457216893366066,0.0822382609786163,0.7066666666666667,False,,,,
cb_embed_dinov2_s2,opq_embed_dinov2_s2,test_cbis_ddsm,calc_morphology,159,-0.0044113532089723,-0.0493604243158671,0.0402445160285851,0.84,False,,,,
cb_embed_dinov2_s2,opq_embed_dinov2_s2,test_cbis_ddsm,calc_distribution,140,0.0341864411308855,-0.0020127173852726,0.0834063484936068,0.06,False,,,,
cb_embed_dinov2_s2,opq_embed_dinov2_s2,test_cbis_ddsm,birads,344,-0.0119478208452005,-0.0600320320979777,0.0187096862474391,0.4066666666666667,False,,,,
cb_embed_dinov2_s2,opq_embed_dinov2_s2,test_cbis_ddsm,malignant,369,-0.0430909835130473,-0.1004527350722974,0.0058469108433669,0.1,False,-0.0471440698520495,-0.093424934043857,-0.0077556998923925,0.0266666666666666
cb_embed_dinov2_s2,opq_embed_dinov2_s2,test_cdd_cesm,density,518,0.0360772262398155,-0.0429875148846867,0.1036521405213826,0.28,False,,,,
cb_embed_dinov2_s2,opq_embed_dinov2_s2,test_cdd_cesm,mass,566,0.11252728815654,0.0765130077198277,0.1483063023770426,0.0,False,0.1065777972027971,0.076670749169878,0.1353013114906958,0.0
cb_embed_dinov2_s2,opq_embed_dinov2_s2,test_cdd_cesm,mass_shape,175,0.0621539852946594,0.0153241778425793,0.1070276688265767,0.0133333333333333,False,,,,
cb_embed_dinov2_s2,opq_embed_dinov2_s2,test_cdd_cesm,mass_margin,175,0.0350933220588666,-0.0124558073683379,0.0811604814879393,0.1533333333333333,False,,,,
cb_embed_dinov2_s2,opq_embed_dinov2_s2,test_cdd_cesm,calc,566,0.0435650002839833,0.0088853572962955,0.0807883242693854,0.0066666666666666,False,0.0727464739561511,0.0463939162417723,0.1006932197609274,0.0
cb_embed_dinov2_s2,opq_embed_dinov2_s2,test_cdd_cesm,calc_morphology,99,-0.0237725845136727,-0.0999850409131387,0.1302633627872696,0.94,False,,,,
cb_embed_dinov2_s2,opq_embed_dinov2_s2,test_cdd_cesm,calc_distribution,27,-0.129572814399252,-0.2585664970814556,-0.0325686375028481,0.0066666666666666,False,,,,
cb_embed_dinov2_s2,opq_embed_dinov2_s2,test_cdd_cesm,asymmetry,566,-0.0775193415993447,-0.1272504701954265,-0.0342141048873997,0.0,False,-0.0729540358744393,-0.1208105039642936,-0.025741336655968,0.0
cb_embed_dinov2_s2,opq_embed_dinov2_s2,test_cdd_cesm,distortion,566,0.0508323602063391,-0.0342558815031723,0.120426625322273,0.2466666666666666,False,0.0188528943175783,-0.0266690814979227,0.0653884364855813,0.48
cb_embed_dinov2_s2,opq_embed_dinov2_s2,test_cdd_cesm,birads,566,-0.0243692189883028,-0.0619191875483377,0.0206803518628771,0.2666666666666666,False,,,,
cb_embed_dinov2_s2,opq_embed_dinov2_s2,test_cdd_cesm,malignant,566,-0.0589469898354099,-0.0968471350627996,-0.0206631972740599,0.0,False,-0.0401560872604831,-0.0800592031834266,-0.006831124589835,0.02
cb_embed_dinov2_s2,opq_embed_dinov2_s2,test_cmmd,malignant,1867,-0.1063424936894321,-0.120788940573408,-0.0910905890042071,0.0,False,-0.0231178907949113,-0.0447008173016127,-0.0028199478896037,0.0333333333333333
cb_embed_dinov2_s2,opq_embed_dinov2_s2,test_embed,density,13097,0.0227454067867294,0.0124792680869284,0.037315880613364,0.0,False,,,,
cb_embed_dinov2_s2,opq_embed_dinov2_s2,test_embed,mass,10301,0.0322708378670035,0.0126701323193355,0.0512328613489399,0.0,False,0.0440024026173192,0.0220789822013975,0.06319257366575,0.0
cb_embed_dinov2_s2,opq_embed_dinov2_s2,test_embed,mass_shape,448,-0.0022895984335572,-0.034818230575724,0.0385361762684561,0.9,False,,,,
cb_embed_dinov2_s2,opq_embed_dinov2_s2,test_embed,mass_margin,318,0.068656319715536,-0.0027376730789462,0.140688459523772,0.0666666666666666,False,,,,
cb_embed_dinov2_s2,opq_embed_dinov2_s2,test_embed,calc,10354,0.0097825818030368,-0.0140349638172676,0.0303245714594256,0.42,False,0.0177463025921303,0.0018923515793591,0.0377698987135029,0.0333333333333333
cb_embed_dinov2_s2,opq_embed_dinov2_s2,test_embed,calc_morphology,308,0.0380345552663951,-0.0500732185055635,0.0834794400041245,0.3066666666666666,False,,,,
cb_embed_dinov2_s2,opq_embed_dinov2_s2,test_embed,calc_distribution,289,0.0404594666780273,0.0133472865332836,0.0690508921445257,0.0,False,,,,
cb_embed_dinov2_s2,opq_embed_dinov2_s2,test_embed,asymmetry,10819,0.032438074059153,0.0156658458243081,0.0472315329634302,0.0066666666666666,False,0.0245594807596577,0.0104771348614075,0.0400408956111434,0.0
cb_embed_dinov2_s2,opq_embed_dinov2_s2,test_embed,distortion,9887,0.0497802531037373,0.0025312505878056,0.0971794372159034,0.0266666666666666,False,-0.0261637906771655,-0.0928921536610078,0.0324288088586787,0.46
cb_embed_dinov2_s2,opq_embed_dinov2_s2,test_embed,birads,11881,-0.0753602150957243,-0.1011354787430855,-0.0470113062453731,0.0,False,,,,
cb_embed_dinov2_s2,opq_embed_dinov2_s2,test_embed,malignant,297,-0.0901849540258342,-0.1526522392181193,-0.0297249932297203,0.0133333333333333,False,-0.0412888082790996,-0.1335904429803287,0.0444807697698538,0.2866666666666667
cb_embed_dinov2_s2,opq_embed_dinov2_s2,test_embed_fuji,density,3951,0.0240676282700961,0.0087648328262252,0.0384938965292153,0.0066666666666666,False,,,,
cb_embed_dinov2_s2,opq_embed_dinov2_s2,test_embed_fuji,mass,3391,0.0851613299513278,0.0531577385091042,0.1161571340899762,0.0,False,0.0672334873847378,0.0202304122893687,0.1224116889203025,0.0066666666666666
cb_embed_dinov2_s2,opq_embed_dinov2_s2,test_embed_fuji,mass_shape,61,0.0,-0.1661910690268953,0.1648501456316237,1.0,False,,,,
cb_embed_dinov2_s2,opq_embed_dinov2_s2,test_embed_fuji,mass_margin,40,0.2786950975031893,0.0,0.4261102532344629,0.06,False,,,,
cb_embed_dinov2_s2,opq_embed_dinov2_s2,test_embed_fuji,calc,3470,0.0469072943368198,0.0077673502632148,0.0787508913645433,0.0266666666666666,False,0.0561909400331408,0.020954875651239,0.0923924271053849,0.0
cb_embed_dinov2_s2,opq_embed_dinov2_s2,test_embed_fuji,calc_morphology,132,-0.0008760577401692,-0.0082965339963789,0.0074556156905925,1.0,True,,,,
cb_embed_dinov2_s2,opq_embed_dinov2_s2,test_embed_fuji,calc_distribution,39,0.0160544397463002,0.0,0.0733428551090823,0.76,False,,,,
cb_embed_dinov2_s2,opq_embed_dinov2_s2,test_embed_fuji,asymmetry,3507,0.0098635889336968,-0.0141579732780871,0.0344062183167884,0.42,False,0.0388632471588046,-0.0004441638927877,0.0688566962807466,0.0533333333333333
cb_embed_dinov2_s2,opq_embed_dinov2_s2,test_embed_fuji,distortion,3324,0.0868800255383279,-0.000522002895431,0.2188311519511318,0.6933333333333334,False,0.0569255565629093,-0.0182500969588233,0.1404309113834034,0.1133333333333333
cb_embed_dinov2_s2,opq_embed_dinov2_s2,test_embed_fuji,birads,3620,-0.0005761614234968,-0.0089874706112113,0.0648795557213725,0.7333333333333333,False,,,,
cb_embed_dinov2_s2,opq_embed_dinov2_s2,test_embed_ge,density,23174,0.0319247086608649,0.0230575024074871,0.0424734714697716,0.0,False,,,,
cb_embed_dinov2_s2,opq_embed_dinov2_s2,test_embed_ge,mass,18164,0.0361429244438883,0.0214495109134994,0.049710846976035,0.0,False,0.0476039724633415,0.0349896926967181,0.0593589237996978,0.0
cb_embed_dinov2_s2,opq_embed_dinov2_s2,test_embed_ge,mass_shape,760,-0.0122228514029907,-0.0443075584891462,0.0199747819294106,0.5066666666666667,False,,,,
cb_embed_dinov2_s2,opq_embed_dinov2_s2,test_embed_ge,mass_margin,669,0.0713882970793452,0.0361615443250849,0.110767396095434,0.0,False,,,,
cb_embed_dinov2_s2,opq_embed_dinov2_s2,test_embed_ge,calc,18613,0.0420772338575773,0.0283033665236958,0.0559599197540542,0.0,False,0.0397957663861666,0.0290629985701627,0.0514028770608232,0.0
cb_embed_dinov2_s2,opq_embed_dinov2_s2,test_embed_ge,calc_morphology,1123,-0.0045551232638489,-0.0272149524108339,0.0187507808218375,0.84,True,,,,
cb_embed_dinov2_s2,opq_embed_dinov2_s2,test_embed_ge,calc_distribution,499,0.0308955163399877,0.0141638594175115,0.0476827761992059,0.0,False,,,,
cb_embed_dinov2_s2,opq_embed_dinov2_s2,test_embed_ge,asymmetry,18899,0.0145075564864805,0.002852527750239,0.0255822050180851,0.0266666666666666,True,0.0160350578891765,0.0041772140854046,0.027398390822983,0.0066666666666666
cb_embed_dinov2_s2,opq_embed_dinov2_s2,test_embed_ge,distortion,17266,0.0137834673224657,-0.0088882192424898,0.0399816758858038,0.26,False,0.0184859824638148,-0.0256274493151362,0.0611375212120595,0.44
cb_embed_dinov2_s2,opq_embed_dinov2_s2,test_embed_ge,birads,21363,-0.0134594027796816,-0.0286628724633375,0.0054914071400056,0.1333333333333333,True,,,,
cb_embed_dinov2_s2,opq_embed_dinov2_s2,test_embed_ge,malignant,324,-0.1024272945575912,-0.157147647286502,-0.0485290269963925,0.0,False,-0.0652229571154255,-0.1338070742059608,-0.0032655858347155,0.0466666666666666
cb_embed_dinov2_s2,opq_embed_dinov2_s2,test_inbreast,density,409,0.0062571577740096,-0.0455581358266061,0.0520991432638638,0.76,False,,,,
cb_embed_dinov2_s2,opq_embed_dinov2_s2,test_inbreast,mass,410,0.1337786360147823,0.0934302953871422,0.1762872342324048,0.0,False,0.0952906548933039,0.0615483637310407,0.1292335421614474,0.0
cb_embed_dinov2_s2,opq_embed_dinov2_s2,test_inbreast,calc,410,0.0309782171851137,-0.0071150567896903,0.0682564869021375,0.1,False,0.0859912146676852,0.0434027987488861,0.131534989368327,0.0
cb_embed_dinov2_s2,opq_embed_dinov2_s2,test_inbreast,asymmetry,410,-0.0149311508846621,-0.0455098965899525,0.0257404168848221,0.4666666666666667,False,-0.056096681096681,-0.1461290841584158,0.0296569264069263,0.2066666666666666
cb_embed_dinov2_s2,opq_embed_dinov2_s2,test_inbreast,distortion,410,0.0529120815966959,0.0,0.135963709343236,0.0733333333333333,False,0.0614250614250615,0.022255381370152,0.1146699266503667,0.0
cb_embed_dinov2_s2,opq_embed_dinov2_s2,test_inbreast,birads,410,-0.1564448668003034,-0.2257364798308986,-0.0964629031156484,0.0,False,,,,
cb_embed_dinov2_s2,opq_embed_dinov2_s2,test_vindr,density,2000,0.0002125929108008,-0.0633079947100115,0.0505739426826005,0.9533333333333334,False,,,,
cb_embed_dinov2_s2,opq_embed_dinov2_s2,test_vindr,mass,2000,-0.026978395977953,-0.0576449869705267,0.0032279091290815,0.0733333333333333,False,0.0149527115471386,-0.0101440051346706,0.0417413999469802,0.2
cb_embed_dinov2_s2,opq_embed_dinov2_s2,test_vindr,calc,2000,-0.0096108613062075,-0.0543680180011744,0.0371182154971726,0.6533333333333333,False,0.000651859464809,-0.0346693628708537,0.0408018218779676,0.9733333333333334
cb_embed_dinov2_s2,opq_embed_dinov2_s2,test_vindr,asymmetry,2000,0.0198610718027398,-0.00025599335743,0.0594008511266237,0.2933333333333333,False,-0.015549325829768,-0.0657311291569737,0.0254566079463127,0.4333333333333333
cb_embed_dinov2_s2,opq_embed_dinov2_s2,test_vindr,distortion,2000,0.0005037713266081,0.0001255927502135,0.0010085555133853,0.0466666666666666,True,0.0649413495412487,-0.0126635009282437,0.1415662563119794,0.1133333333333333
cb_embed_dinov2_s2,opq_embed_dinov2_s2,test_vindr,birads,2000,-0.1305742339327685,-0.1819568440657907,-0.0809962678952663,0.0,False,,,,
cb_embed_ft2_s0,opq_embed_ft2_s0,test_cbis_ddsm,density,368,0.1504717593811169,0.0847592000825305,0.2232274871752985,0.0,False,,,,
cb_embed_ft2_s0,opq_embed_ft2_s0,test_cbis_ddsm,mass_shape,189,-0.0166926941789183,-0.0679306998516704,0.0481063337903101,0.5733333333333334,False,,,,
cb_embed_ft2_s0,opq_embed_ft2_s0,test_cbis_ddsm,mass_margin,203,0.0362236475734205,-0.037779950731766,0.1094154859325027,0.3266666666666666,False,,,,
cb_embed_ft2_s0,opq_embed_ft2_s0,test_cbis_ddsm,calc_morphology,159,0.0243250952169045,-0.0082682795466319,0.0637678410490355,0.18,False,,,,
cb_embed_ft2_s0,opq_embed_ft2_s0,test_cbis_ddsm,calc_distribution,140,0.0472012264365205,-0.0356499463913041,0.1322697983556278,0.32,False,,,,
cb_embed_ft2_s0,opq_embed_ft2_s0,test_cbis_ddsm,birads,344,-0.1122225358450056,-0.1992095320525174,-0.0656346671314182,0.0,False,,,,
cb_embed_ft2_s0,opq_embed_ft2_s0,test_cbis_ddsm,malignant,369,-0.0696366599613637,-0.1170263506765508,-0.0229281098472343,0.0,False,-0.0895737327188941,-0.1374223300321578,-0.0405337087878767,0.0
cb_embed_ft2_s0,opq_embed_ft2_s0,test_cdd_cesm,density,518,-0.0173790719776163,-0.1062726076127365,0.0766850717605559,0.92,False,,,,
cb_embed_ft2_s0,opq_embed_ft2_s0,test_cdd_cesm,mass,566,0.1155690514743004,0.0772714847173178,0.1551910997213226,0.0,False,0.0937937062937063,0.0655213552325172,0.1273439064599282,0.0
cb_embed_ft2_s0,opq_embed_ft2_s0,test_cdd_cesm,mass_shape,175,0.0804417487535789,0.0118304415515994,0.1527272248681975,0.0266666666666666,False,,,,
cb_embed_ft2_s0,opq_embed_ft2_s0,test_cdd_cesm,mass_margin,175,0.1517343320476042,0.0857005944011651,0.2099496990178863,0.0,False,,,,
cb_embed_ft2_s0,opq_embed_ft2_s0,test_cdd_cesm,calc,566,0.0419527635722528,0.0009500453623694,0.0714131342596036,0.0533333333333333,False,0.0374860354699065,-0.0025732797436811,0.0723503914563159,0.0733333333333333
cb_embed_ft2_s0,opq_embed_ft2_s0,test_cdd_cesm,calc_morphology,99,-0.0404390354868061,-0.150049023861547,-0.001095630021045,0.0533333333333333,False,,,,
cb_embed_ft2_s0,opq_embed_ft2_s0,test_cdd_cesm,calc_distribution,27,-0.10552608311229,-0.3281359002334612,0.0334298525611794,0.1333333333333333,False,,,,
cb_embed_ft2_s0,opq_embed_ft2_s0,test_cdd_cesm,asymmetry,566,-0.009541928955235,-0.052585983271674,0.030407555625489,0.7266666666666667,False,-0.0159192825112106,-0.0764931866389861,0.0422007820764403,0.62
cb_embed_ft2_s0,opq_embed_ft2_s0,test_cdd_cesm,distortion,566,0.0088385683942285,-0.0502313964956343,0.0816161571405078,0.72,False,0.0080323951141795,-0.129775786471346,0.138676948051948,0.8733333333333333
cb_embed_ft2_s0,opq_embed_ft2_s0,test_cdd_cesm,birads,566,0.0231404492614764,-0.0171942224834576,0.0719168483226981,0.26,False,,,,
cb_embed_ft2_s0,opq_embed_ft2_s0,test_cdd_cesm,malignant,566,-0.0251882026734773,-0.0637063441807978,0.0063285519307625,0.18,False,-0.0491303913595572,-0.0992311433984997,0.0075770902687351,0.1066666666666666
cb_embed_ft2_s0,opq_embed_ft2_s0,test_cmmd,malignant,1867,-0.0847386071126443,-0.1020451717214432,-0.0675384045279533,0.0,False,-0.0030010915559759,-0.0201495862481541,0.017062228927728,0.76
cb_embed_ft2_s0,opq_embed_ft2_s0,test_embed,density,13097,0.0171196115396365,0.0071341215119483,0.027016490853993,0.0,True,,,,
cb_embed_ft2_s0,opq_embed_ft2_s0,test_embed,mass,10301,0.041400187372365,0.0220595975144162,0.0602967243226659,0.0,False,0.0356320731716905,0.0120334729724935,0.0567049841426928,0.0066666666666666
cb_embed_ft2_s0,opq_embed_ft2_s0,test_embed,mass_shape,448,0.1302818533272745,0.06506559902414,0.2088269253253368,0.0,False,,,,
cb_embed_ft2_s0,opq_embed_ft2_s0,test_embed,mass_margin,318,0.0547486796688558,-0.0219057239250781,0.1191293232928686,0.1466666666666666,False,,,,
cb_embed_ft2_s0,opq_embed_ft2_s0,test_embed,calc,10354,0.0195093222344228,0.0023961284523479,0.0358204350146906,0.02,False,0.0176898193972258,-0.0020510570293341,0.0394752861282551,0.08
cb_embed_ft2_s0,opq_embed_ft2_s0,test_embed,calc_morphology,308,0.0410288602808638,-0.0070344313990939,0.1025060423356288,0.1133333333333333,False,,,,
cb_embed_ft2_s0,opq_embed_ft2_s0,test_embed,calc_distribution,289,0.099136361916849,0.0279132109439991,0.1644535421788094,0.0,False,,,,
cb_embed_ft2_s0,opq_embed_ft2_s0,test_embed,asymmetry,10819,0.0133110049455079,0.0009579172197569,0.027880325094579,0.0333333333333333,True,0.0160312875085766,-0.0006610052446226,0.0293971805876774,0.06
cb_embed_ft2_s0,opq_embed_ft2_s0,test_embed,distortion,9887,0.0106139872351144,-0.0289527974668661,0.0516915180772928,0.6933333333333334,False,-0.01339331319411,-0.0870491886869208,0.0527431242845892,0.76
cb_embed_ft2_s0,opq_embed_ft2_s0,test_embed,birads,11881,-0.0524385005714168,-0.0790017990325489,-0.0245371177294629,0.0,False,,,,
cb_embed_ft2_s0,opq_embed_ft2_s0,test_embed,malignant,297,-0.0636622994052295,-0.1286524983307134,-0.0007101447736784,0.0466666666666666,False,0.0080017070308333,-0.0583616776062591,0.0793487319848091,0.82
cb_embed_ft2_s0,opq_embed_ft2_s0,test_embed_fuji,density,3951,0.0341093759699075,0.0216398593207734,0.0485637633174068,0.0,False,,,,
cb_embed_ft2_s0,opq_embed_ft2_s0,test_embed_fuji,mass,3391,0.1577588765029549,0.1252405727653929,0.1885863966302573,0.0,False,0.0775066522197408,0.0262546636080237,0.1295867384138953,0.0
cb_embed_ft2_s0,opq_embed_ft2_s0,test_embed_fuji,mass_shape,61,0.0,0.0,0.0,1.0,True,,,,
cb_embed_ft2_s0,opq_embed_ft2_s0,test_embed_fuji,mass_margin,40,0.2799243766985702,0.0481530840244599,0.4457264957264956,0.04,False,,,,
cb_embed_ft2_s0,opq_embed_ft2_s0,test_embed_fuji,calc,3470,0.0630869072383831,0.0413830959455736,0.0864624039989994,0.0,False,-0.007268201292788,-0.0489094690631551,0.03456092872662,0.76
cb_embed_ft2_s0,opq_embed_ft2_s0,test_embed_fuji,calc_morphology,132,-0.0125470248503152,-0.0261127945063612,0.0591298733014655,0.2666666666666666,False,,,,
cb_embed_ft2_s0,opq_embed_ft2_s0,test_embed_fuji,calc_distribution,39,-0.0081941692265004,-0.103779427739036,0.1015040650406503,0.9,False,,,,
cb_embed_ft2_s0,opq_embed_ft2_s0,test_embed_fuji,asymmetry,3507,0.0588884181891434,0.0378118599656219,0.0814797605250381,0.0,False,0.067305725737276,0.0270238341916878,0.1088707823049832,0.0
cb_embed_ft2_s0,opq_embed_ft2_s0,test_embed_fuji,distortion,3324,0.0956504598660598,0.0015980097563753,0.2019566463626876,0.0,False,0.1397904704341693,0.0223321482587997,0.2128516336354485,0.02
cb_embed_ft2_s0,opq_embed_ft2_s0,test_embed_fuji,birads,3620,0.0549314050628449,0.0081702259614563,0.0738399070206348,0.0,False,,,,
cb_embed_ft2_s0,opq_embed_ft2_s0,test_embed_ge,density,23174,0.0349918634574493,0.0267498168069574,0.0430900525661285,0.0,False,,,,
cb_embed_ft2_s0,opq_embed_ft2_s0,test_embed_ge,mass,18164,0.0441775216829186,0.0326763725882939,0.0568341133044225,0.0,False,0.0151641279569002,0.0014469934960268,0.0295557289177909,0.04
cb_embed_ft2_s0,opq_embed_ft2_s0,test_embed_ge,mass_shape,760,0.0397226493392285,-0.0181895903893209,0.1030188438374776,0.1733333333333333,False,,,,
cb_embed_ft2_s0,opq_embed_ft2_s0,test_embed_ge,mass_margin,669,0.0993124512048462,0.0456557801520835,0.1436356146525752,0.0,False,,,,
cb_embed_ft2_s0,opq_embed_ft2_s0,test_embed_ge,calc,18613,0.044270212216372,0.0308132209021119,0.0581109395177538,0.0,False,0.0310097918092527,0.0184635544030098,0.0439104190522287,0.0
cb_embed_ft2_s0,opq_embed_ft2_s0,test_embed_ge,calc_morphology,1123,-0.0147308671211948,-0.0519935674818227,0.0170476516692599,0.3333333333333333,False,,,,
cb_embed_ft2_s0,opq_embed_ft2_s0,test_embed_ge,calc_distribution,499,-0.0065125060887895,-0.045249766854636,0.0383393951829613,0.66,False,,,,
cb_embed_ft2_s0,opq_embed_ft2_s0,test_embed_ge,asymmetry,18899,-0.0127515877982923,-0.0228587162260273,-0.003844586611154,0.0066666666666666,True,0.0159005844856189,0.0037482089355486,0.0292910383375881,0.0
cb_embed_ft2_s0,opq_embed_ft2_s0,test_embed_ge,distortion,17266,0.0104696510386262,-0.005193223055095,0.0282425761533557,0.1666666666666666,True,-0.0041046940677482,-0.0650434225970162,0.0657763747923715,0.96
cb_embed_ft2_s0,opq_embed_ft2_s0,test_embed_ge,birads,21363,-0.0380980116376296,-0.0665218319285605,-0.0130331313289947,0.0,False,,,,
cb_embed_ft2_s0,opq_embed_ft2_s0,test_embed_ge,malignant,324,-0.0857597620141631,-0.1492084428200278,-0.0275886889698657,0.0,False,-0.0791977810966503,-0.1372273337509735,-0.0127398827563269,0.0266666666666666
cb_embed_ft2_s0,opq_embed_ft2_s0,test_inbreast,density,409,0.0548822770528497,0.004201287798128,0.1046945390169529,0.0333333333333333,False,,,,
cb_embed_ft2_s0,opq_embed_ft2_s0,test_inbreast,mass,410,0.0660126123247986,0.0224766933697134,0.1105047843513116,0.0,False,0.0642935982339956,0.0262071331691716,0.0965565508209043,0.0
cb_embed_ft2_s0,opq_embed_ft2_s0,test_inbreast,calc,410,0.0065526899288131,-0.0333224047915594,0.0454694749676073,0.72,False,0.0164088362617773,-0.0388775864185761,0.073975191780409,0.5466666666666666
cb_embed_ft2_s0,opq_embed_ft2_s0,test_inbreast,asymmetry,410,-0.022988171921999,-0.09982677406052,0.0581214073055082,0.5333333333333333,False,0.0040584415584414,-0.0931222182923274,0.1184029799501284,0.98
cb_embed_ft2_s0,opq_embed_ft2_s0,test_inbreast,distortion,410,0.093244300018553,0.0116500559831555,0.1966275633531038,0.0,False,0.1416871416871417,0.034549834603768,0.2499388753056233,0.0
cb_embed_ft2_s0,opq_embed_ft2_s0,test_inbreast,birads,410,-0.1899272616664783,-0.2401551860179445,-0.1207835081668262,0.0,False,,,,
cb_embed_ft2_s0,opq_embed_ft2_s0,test_vindr,density,2000,0.022875097983146,-0.0495156220901433,0.0906612222710859,0.5133333333333333,False,,,,
cb_embed_ft2_s0,opq_embed_ft2_s0,test_vindr,mass,2000,0.0181729250880154,-0.0232240723793605,0.0561364079441735,0.3933333333333333,False,0.0104986173097628,-0.025160039007866,0.0421824630469269,0.5533333333333333
cb_embed_ft2_s0,opq_embed_ft2_s0,test_vindr,calc,2000,0.0547815909377364,-0.0034634368096789,0.11358158535447,0.0733333333333333,False,0.0159776940352479,-0.0183204330877924,0.0531738931361366,0.4
cb_embed_ft2_s0,opq_embed_ft2_s0,test_vindr,asymmetry,2000,-0.0121635943502539,-0.0601945353539655,0.0375296730261957,0.7,False,-0.0117469848010962,-0.0524977615468968,0.0319516794302653,0.5933333333333334
cb_embed_ft2_s0,opq_embed_ft2_s0,test_vindr,distortion,2000,-0.0172145583253897,-0.1501295924911982,0.1202632006014131,0.82,False,-0.0528821958112345,-0.2165998275427233,0.1331866413050912,0.4933333333333333
cb_embed_ft2_s0,opq_embed_ft2_s0,test_vindr,birads,2000,-0.1884448764690866,-0.2434739217814481,-0.1309185471978767,0.0,False,,,,
cb_embed_ft2_s1,opq_embed_ft2_s1,test_cbis_ddsm,density,368,0.0850418651835724,0.0228613355170287,0.1614903069869881,0.0066666666666666,False,,,,
cb_embed_ft2_s1,opq_embed_ft2_s1,test_cbis_ddsm,mass_shape,189,0.0183673753011731,-0.0561471148268018,0.0964900324666162,0.7,False,,,,
cb_embed_ft2_s1,opq_embed_ft2_s1,test_cbis_ddsm,mass_margin,203,0.0263325116581892,-0.0460639813797403,0.0953424570731211,0.5466666666666666,False,,,,
cb_embed_ft2_s1,opq_embed_ft2_s1,test_cbis_ddsm,calc_morphology,159,0.0483454481756688,-0.0037750322672075,0.095937887522907,0.0666666666666666,False,,,,
cb_embed_ft2_s1,opq_embed_ft2_s1,test_cbis_ddsm,calc_distribution,140,0.1158808430187977,-0.0107438218556162,0.2310758154681528,0.0933333333333333,False,,,,
cb_embed_ft2_s1,opq_embed_ft2_s1,test_cbis_ddsm,birads,344,-0.0940815350593188,-0.1729898475096788,-0.0451937164734747,0.0,False,,,,
cb_embed_ft2_s1,opq_embed_ft2_s1,test_cbis_ddsm,malignant,369,-0.0849225880012399,-0.1519121519235252,-0.028289642469006,0.0,False,-0.0948338588406501,-0.1587214091068918,-0.0408942980801476,0.0
cb_embed_ft2_s1,opq_embed_ft2_s1,test_cdd_cesm,density,518,-0.0004501819066965,-0.1052296132622729,0.0764736434732718,0.6266666666666667,False,,,,
cb_embed_ft2_s1,opq_embed_ft2_s1,test_cdd_cesm,mass,566,0.0466139539226199,0.0114186535814407,0.0883290054683545,0.02,False,0.0610212703962704,0.0345125211930043,0.0903684050576502,0.0
cb_embed_ft2_s1,opq_embed_ft2_s1,test_cdd_cesm,mass_shape,175,0.0012099517450975,-0.0507027621383222,0.0524667726170024,0.98,False,,,,
cb_embed_ft2_s1,opq_embed_ft2_s1,test_cdd_cesm,mass_margin,175,0.0710775828782813,0.0038202694131206,0.1442441135032303,0.0466666666666666,False,,,,
cb_embed_ft2_s1,opq_embed_ft2_s1,test_cdd_cesm,calc,566,0.0378460092253298,0.0086741093211197,0.0665546267748504,0.02,False,0.057097472420053,0.0210564903733215,0.0893068300311405,0.0
cb_embed_ft2_s1,opq_embed_ft2_s1,test_cdd_cesm,calc_morphology,99,-0.0562746831712348,-0.1666549407696546,0.0325419954822186,0.18,False,,,,
cb_embed_ft2_s1,opq_embed_ft2_s1,test_cdd_cesm,calc_distribution,27,-0.0406589390142022,-0.2913474958949096,0.1317572996990182,0.6,False,,,,
cb_embed_ft2_s1,opq_embed_ft2_s1,test_cdd_cesm,asymmetry,566,-0.0501830153394013,-0.1009027975058182,-0.0054186868213717,0.0333333333333333,False,0.058604260089686,0.0027411073554033,0.1195695992845517,0.0333333333333333
cb_embed_ft2_s1,opq_embed_ft2_s1,test_cdd_cesm,distortion,566,0.0113665277075973,-0.0275251297623988,0.0486179881233264,0.64,False,-0.0192180031864045,-0.1225561343065657,0.0610881197245161,0.6533333333333333
cb_embed_ft2_s1,opq_embed_ft2_s1,test_cdd_cesm,birads,566,-0.0139114295976795,-0.0643449139980017,0.0320135409950159,0.6533333333333333,False,,,,
cb_embed_ft2_s1,opq_embed_ft2_s1,test_cdd_cesm,malignant,566,-0.0812498700600801,-0.1197118201585419,-0.0457412975767481,0.0,False,-0.0769093581018419,-0.1221991849554244,-0.0258775988706676,0.0
cb_embed_ft2_s1,opq_embed_ft2_s1,test_cmmd,malignant,1867,-0.1390161622896134,-0.1576791560685465,-0.1178612865306771,0.0,False,-0.011787842211047,-0.0386062603236533,0.0147525057389699,0.3266666666666666
cb_embed_ft2_s1,opq_embed_ft2_s1,test_embed,density,13097,0.0070464610483249,-0.0067390162855126,0.0203411860502513,0.28,True,,,,
cb_embed_ft2_s1,opq_embed_ft2_s1,test_embed,mass,10301,0.0189138635343019,-0.0057463523692224,0.0389553671471935,0.1466666666666666,False,0.0252031017750269,0.0044738651795159,0.0451536684541445,0.0133333333333333
cb_embed_ft2_s1,opq_embed_ft2_s1,test_embed,mass_shape,448,0.0606604515404458,-0.00862246439104,0.142135279948316,0.0733333333333333,False,,,,
cb_embed_ft2_s1,opq_embed_ft2_s1,test_embed,mass_margin,318,0.0786577627805531,-0.0392543449554633,0.1894128465771089,0.18,False,,,,
cb_embed_ft2_s1,opq_embed_ft2_s1,test_embed,calc,10354,0.0165141198116586,-0.0007079254745174,0.0342521932581349,0.06,False,0.0152024967365266,-0.006383818290651,0.0426962025811056,0.1466666666666666
cb_embed_ft2_s1,opq_embed_ft2_s1,test_embed,calc_morphology,308,0.0097373993367327,-0.0535737525060664,0.062921284776469,0.6866666666666666,False,,,,
cb_embed_ft2_s1,opq_embed_ft2_s1,test_embed,calc_distribution,289,0.1138486098809894,0.0373459048291114,0.1804267180892676,0.0066666666666666,False,,,,
cb_embed_ft2_s1,opq_embed_ft2_s1,test_embed,asymmetry,10819,0.0192152975298792,0.0023757822969672,0.0345235775349534,0.02,False,0.0433564425070902,0.0243789837422457,0.061406685702951,0.0
cb_embed_ft2_s1,opq_embed_ft2_s1,test_embed,distortion,9887,0.0214453644686399,-0.013869073426213,0.05061581045152,0.2266666666666666,False,0.018409876975614,-0.0390172963125434,0.0719388241272026,0.6133333333333333
cb_embed_ft2_s1,opq_embed_ft2_s1,test_embed,birads,11881,-0.0807924565821484,-0.1107847195633723,-0.0530694147724943,0.0,False,,,,
cb_embed_ft2_s1,opq_embed_ft2_s1,test_embed,malignant,297,-0.0827908243770569,-0.1445753506381782,-0.0149612752624578,0.02,False,-0.0383548490344607,-0.1077826325142654,0.0306013592242462,0.2933333333333333
cb_embed_ft2_s1,opq_embed_ft2_s1,test_embed_fuji,density,3951,0.0090762069686177,-0.0077527228231378,0.0232999207371286,0.3333333333333333,True,,,,
cb_embed_ft2_s1,opq_embed_ft2_s1,test_embed_fuji,mass,3391,0.0721553799184048,0.056560283840838,0.0866112002116411,0.0,False,0.0760435324208183,0.0211780570233617,0.1299052386885379,0.0066666666666666
cb_embed_ft2_s1,opq_embed_ft2_s1,test_embed_fuji,mass_shape,61,0.0,-0.1667430284042887,0.1624023149423607,1.0,False,,,,
cb_embed_ft2_s1,opq_embed_ft2_s1,test_embed_fuji,mass_margin,40,0.3484956386252499,0.1460478886233522,0.559091845011543,0.0,False,,,,
cb_embed_ft2_s1,opq_embed_ft2_s1,test_embed_fuji,calc,3470,-0.0282771970545056,-0.0444298780541347,-0.0108278192979346,0.0,False,-0.0427433681162016,-0.078398732189415,-0.0081089323742074,0.0066666666666666
cb_embed_ft2_s1,opq_embed_ft2_s1,test_embed_fuji,calc_morphology,132,0.0026861033002811,-0.0160971469770917,0.021599267451667,0.7733333333333333,True,,,,
cb_embed_ft2_s1,opq_embed_ft2_s1,test_embed_fuji,calc_distribution,39,0.0580882352941176,-0.0273730233181452,0.1575603063937577,0.2,False,,,,
cb_embed_ft2_s1,opq_embed_ft2_s1,test_embed_fuji,asymmetry,3507,0.0469999565653428,0.0278449645668152,0.0646325538707277,0.0,False,0.0439786196812489,0.001236181064284,0.0891650655205996,0.04
cb_embed_ft2_s1,opq_embed_ft2_s1,test_embed_fuji,distortion,3324,0.0689349191287239,-0.0017393317386153,0.1679461526901819,0.1266666666666666,False,0.1567240858265337,0.0658171001937891,0.2415091062548942,0.0
cb_embed_ft2_s1,opq_embed_ft2_s1,test_embed_fuji,birads,3620,0.011073634899698,-0.0065922042376386,0.0860737422659769,0.28,False,,,,
cb_embed_ft2_s1,opq_embed_ft2_s1,test_embed_ge,density,23174,0.0275970812667303,0.0200040313249326,0.0363726380973901,0.0,False,,,,
cb_embed_ft2_s1,opq_embed_ft2_s1,test_embed_ge,mass,18164,0.0105499885933604,-0.0031340145251343,0.0245589576526847,0.1933333333333333,True,0.0205096010577519,0.0066166008243498,0.0329633730143327,0.0133333333333333
cb_embed_ft2_s1,opq_embed_ft2_s1,test_embed_ge,mass_shape,760,0.0281547135724439,-0.0137989941098732,0.0708652534364422,0.2133333333333333,False,,,,
cb_embed_ft2_s1,opq_embed_ft2_s1,test_embed_ge,mass_margin,669,0.0714970290215213,0.0197401888903067,0.1105779928818191,0.0266666666666666,False,,,,
cb_embed_ft2_s1,opq_embed_ft2_s1,test_embed_ge,calc,18613,0.0347369183641961,0.0220041637479748,0.0478272720698079,0.0,False,0.0340339243344947,0.0189798392700425,0.049092637341577,0.0
cb_embed_ft2_s1,opq_embed_ft2_s1,test_embed_ge,calc_morphology,1123,0.036625197471568,-0.0297210525280449,0.0983356779133119,0.4666666666666667,False,,,,
cb_embed_ft2_s1,opq_embed_ft2_s1,test_embed_ge,calc_distribution,499,0.0242308499714251,-0.0196116751301123,0.0812648686571269,0.3933333333333333,False,,,,
cb_embed_ft2_s1,opq_embed_ft2_s1,test_embed_ge,asymmetry,18899,-0.0105195457344754,-0.0209332126160129,-0.0002398067109299,0.0533333333333333,True,0.0239823121779474,0.0096582064877666,0.0380869023012449,0.0
cb_embed_ft2_s1,opq_embed_ft2_s1,test_embed_ge,distortion,17266,0.0012705118630269,-0.0265852164794996,0.023693961137679,0.7666666666666667,True,-0.0349841066435895,-0.1143652058732535,0.0432164075014438,0.4666666666666667
cb_embed_ft2_s1,opq_embed_ft2_s1,test_embed_ge,birads,21363,-0.0363555849195975,-0.0594863406066429,-0.0151780903245048,0.0066666666666666,False,,,,
cb_embed_ft2_s1,opq_embed_ft2_s1,test_embed_ge,malignant,324,-0.0897646943587096,-0.150355358492383,-0.0282375865732287,0.0133333333333333,False,-0.0314700234691699,-0.1138891157708073,0.0556770823904664,0.44
cb_embed_ft2_s1,opq_embed_ft2_s1,test_inbreast,density,409,0.0167416996545025,-0.024492529314204,0.0659386471642528,0.4466666666666666,False,,,,
cb_embed_ft2_s1,opq_embed_ft2_s1,test_inbreast,mass,410,0.0617267571301858,0.0207842415067278,0.1065773191808077,0.0066666666666666,False,0.0383554083885209,0.0007561112839387,0.0680233990228032,0.04
cb_embed_ft2_s1,opq_embed_ft2_s1,test_inbreast,calc,410,-0.0660592869684775,-0.1019853227693857,-0.0292352878436813,0.0,False,0.013464476699771,-0.0351221283783783,0.06894471316378,0.5666666666666667
cb_embed_ft2_s1,opq_embed_ft2_s1,test_inbreast,asymmetry,410,0.0784230624613264,-0.0183594544853505,0.1785766680321138,0.1466666666666666,False,0.1249098124098123,0.0205285404112017,0.2540593501743848,0.0066666666666666
cb_embed_ft2_s1,opq_embed_ft2_s1,test_inbreast,distortion,410,0.0829235892830415,0.0315066905626706,0.1439969563321386,0.0,False,0.0327600327600328,-0.0319332032567325,0.1295843520782396,0.6385964912280702
cb_embed_ft2_s1,opq_embed_ft2_s1,test_inbreast,birads,410,-0.2640255798312289,-0.3239828610237502,-0.1970611544368053,0.0,False,,,,
cb_embed_ft2_s1,opq_embed_ft2_s1,test_vindr,density,2000,0.0927924553571435,0.0100631121568975,0.1643894970687204,0.02,False,,,,
cb_embed_ft2_s1,opq_embed_ft2_s1,test_vindr,mass,2000,0.0136814191951422,-0.0158588714238299,0.0440081852449552,0.4133333333333333,False,0.0173428222963826,-0.0106345721278142,0.0402132856184626,0.1733333333333333
cb_embed_ft2_s1,opq_embed_ft2_s1,test_vindr,calc,2000,0.0278224315418234,-0.0255396077555555,0.0786247699138358,0.3666666666666666,False,0.0259934909215484,-0.0261429630372749,0.0723132891019592,0.32
cb_embed_ft2_s1,opq_embed_ft2_s1,test_vindr,asymmetry,2000,-0.034544460058805,-0.1105374604660084,0.0379469761142769,0.3733333333333333,False,0.0536773397211268,0.0001811567979189,0.1134991368830087,0.0533333333333333
cb_embed_ft2_s1,opq_embed_ft2_s1,test_vindr,distortion,2000,-0.0286047463709481,-0.1459687889016712,0.1076180294717192,0.5066666666666667,False,-0.0939568735240601,-0.2592773650326648,0.0649910984031074,0.26
cb_embed_ft2_s1,opq_embed_ft2_s1,test_vindr,birads,2000,-0.2648386627000114,-0.3249007869411788,-0.2074124807746769,0.0,False,,,,
cb_embed_ft2_s2,opq_embed_ft2_s2,test_cbis_ddsm,density,368,0.0926359716717073,0.0327690904534989,0.1474908523425229,0.0,False,,,,
cb_embed_ft2_s2,opq_embed_ft2_s2,test_cbis_ddsm,mass_shape,189,0.0011344753223854,-0.0607881736571146,0.0682807781823583,0.98,False,,,,
cb_embed_ft2_s2,opq_embed_ft2_s2,test_cbis_ddsm,mass_margin,203,0.0370534783218632,-0.0271092081511036,0.1056861954448977,0.32,False,,,,
cb_embed_ft2_s2,opq_embed_ft2_s2,test_cbis_ddsm,calc_morphology,159,-0.0022904155543831,-0.0417519928618164,0.0330437494142405,0.84,False,,,,
cb_embed_ft2_s2,opq_embed_ft2_s2,test_cbis_ddsm,calc_distribution,140,0.0399739471417302,-0.0561719500927661,0.0944904368684229,0.52,False,,,,
cb_embed_ft2_s2,opq_embed_ft2_s2,test_cbis_ddsm,birads,344,-0.1023749400338754,-0.2548298066536705,-0.0413579070833199,0.0,False,,,,
cb_embed_ft2_s2,opq_embed_ft2_s2,test_cbis_ddsm,malignant,369,-0.0684409341404156,-0.133096691500164,-0.0106875439643826,0.0333333333333333,False,-0.088952219257822,-0.1502635618645404,-0.0346800745481356,0.0
cb_embed_ft2_s2,opq_embed_ft2_s2,test_cdd_cesm,density,518,-0.0124410885162181,-0.088156361492351,0.0619691855672947,0.8733333333333333,False,,,,
cb_embed_ft2_s2,opq_embed_ft2_s2,test_cdd_cesm,mass,566,0.0748506041172449,0.0356644201872605,0.1102719705247219,0.0,False,0.0487106643356644,0.0182328776286178,0.0767915761774286,0.0
cb_embed_ft2_s2,opq_embed_ft2_s2,test_cdd_cesm,mass_shape,175,0.0733653474637081,0.0082438849646966,0.1336342291749112,0.0266666666666666,False,,,,
cb_embed_ft2_s2,opq_embed_ft2_s2,test_cdd_cesm,mass_margin,175,0.0806652025356584,0.010795976503461,0.1612593379000504,0.04,False,,,,
cb_embed_ft2_s2,opq_embed_ft2_s2,test_cdd_cesm,calc,566,0.0377155127619673,0.0052891023508482,0.0673541897762966,0.0266666666666666,False,0.0705645161290324,0.0328762846762313,0.1028244431519668,0.0
cb_embed_ft2_s2,opq_embed_ft2_s2,test_cdd_cesm,calc_morphology,99,-0.0458378378378377,-0.2238219273273633,0.0122906633217305,0.0866666666666666,False,,,,
cb_embed_ft2_s2,opq_embed_ft2_s2,test_cdd_cesm,calc_distribution,27,-0.1284632034632034,-0.2474621085104956,0.0243482180007279,0.0866666666666666,False,,,,
cb_embed_ft2_s2,opq_embed_ft2_s2,test_cdd_cesm,asymmetry,566,-0.0692506361905579,-0.1043706254698079,-0.0336855254451957,0.0,False,-0.0456184603886398,-0.0976816253896654,0.0144242286907885,0.1
cb_embed_ft2_s2,opq_embed_ft2_s2,test_cdd_cesm,distortion,566,-0.0425879289880885,-0.0847974421629637,0.0022446047381179,0.06,False,-0.0660847052575677,-0.1905069727917919,0.0364784789831755,0.2533333333333333
cb_embed_ft2_s2,opq_embed_ft2_s2,test_cdd_cesm,birads,566,-0.0161878076119758,-0.0625154779959331,0.0291196384029272,0.52,False,,,,
cb_embed_ft2_s2,opq_embed_ft2_s2,test_cdd_cesm,malignant,566,-0.0342758073509998,-0.0657079948936032,0.0019165680821311,0.0666666666666666,False,-0.0404699738903394,-0.079910952903879,-0.0035509635066304,0.0333333333333333
cb_embed_ft2_s2,opq_embed_ft2_s2,test_cmmd,malignant,1867,-0.0501423531863751,-0.0671774757002943,-0.0355785154340741,0.0,False,0.0005677740781575,-0.0223518810805408,0.0244916546503703,0.9
cb_embed_ft2_s2,opq_embed_ft2_s2,test_embed,density,13097,0.0076412936202547,-0.0018058641759881,0.0182842772497503,0.12,True,,,,
cb_embed_ft2_s2,opq_embed_ft2_s2,test_embed,mass,10301,0.0587800000060558,0.0406478202980589,0.0760919425569899,0.0,False,0.0297103686110433,0.0105106457064952,0.0479246009958279,0.0
cb_embed_ft2_s2,opq_embed_ft2_s2,test_embed,mass_shape,448,0.1500438495275232,0.0796506830661407,0.2223978027402583,0.0,False,,,,
cb_embed_ft2_s2,opq_embed_ft2_s2,test_embed,mass_margin,318,0.0719859619165734,-0.0372698081076579,0.188163952979333,0.1866666666666666,False,,,,
cb_embed_ft2_s2,opq_embed_ft2_s2,test_embed,calc,10354,0.0144656065456642,-0.000375847607555,0.0337708984729643,0.06,False,0.0274402533316119,0.0063639169436047,0.0541329567100741,0.0266666666666666
cb_embed_ft2_s2,opq_embed_ft2_s2,test_embed,calc_morphology,308,0.1558372712723825,0.0180479326096967,0.2211957570980786,0.0133333333333333,False,,,,
cb_embed_ft2_s2,opq_embed_ft2_s2,test_embed,calc_distribution,289,0.0702159244264507,0.0249549454915786,0.1116370767969139,0.0,False,,,,
cb_embed_ft2_s2,opq_embed_ft2_s2,test_embed,asymmetry,10819,-0.0054706996618425,-0.0167480629539291,0.0058401525131953,0.3466666666666667,True,0.0073889864329391,-0.0086566210698798,0.0249485063126535,0.4333333333333333
cb_embed_ft2_s2,opq_embed_ft2_s2,test_embed,distortion,9887,0.0301521929922443,-0.0117928149789047,0.0684000402427437,0.2133333333333333,False,0.0189962285864391,-0.0575321838484017,0.0832977161459411,0.62
cb_embed_ft2_s2,opq_embed_ft2_s2,test_embed,birads,11881,-0.0409404071250893,-0.0713540392601694,-0.0124153853694524,0.0133333333333333,False,,,,
cb_embed_ft2_s2,opq_embed_ft2_s2,test_embed,malignant,297,-0.0359201787501036,-0.1015995441088909,0.0322046427189908,0.2533333333333333,False,-0.0142430385148832,-0.0963721131294525,0.0653734580000731,0.7
cb_embed_ft2_s2,opq_embed_ft2_s2,test_embed_fuji,density,3951,0.0155147742163559,-0.0028430447106426,0.0357410254040902,0.1533333333333333,False,,,,
cb_embed_ft2_s2,opq_embed_ft2_s2,test_embed_fuji,mass,3391,0.0289611781148342,0.0110905312245464,0.0467639851866451,0.0,False,0.0225843781556581,-0.0389305447778471,0.0756015418483293,0.5
cb_embed_ft2_s2,opq_embed_ft2_s2,test_embed_fuji,mass_shape,61,-0.009472049689441,-0.1809882443419028,0.0,0.24,False,,,,
cb_embed_ft2_s2,opq_embed_ft2_s2,test_embed_fuji,mass_margin,40,0.3443050577459179,0.1190602104227845,0.494669859846584,0.0133333333333333,False,,,,
cb_embed_ft2_s2,opq_embed_ft2_s2,test_embed_fuji,calc,3470,-0.018323493728523,-0.0379347365015317,0.0010831930070402,0.08,False,0.0241539403167779,-0.0159939702127175,0.065917254037216,0.28
cb_embed_ft2_s2,opq_embed_ft2_s2,test_embed_fuji,calc_morphology,132,-0.0290083005679335,-0.1189646464646464,-0.0210500962413764,0.0,False,,,,
cb_embed_ft2_s2,opq_embed_ft2_s2,test_embed_fuji,calc_distribution,39,-0.1008207478795714,-0.2952573515073515,-0.025289119443736,0.0133333333333333,False,,,,
cb_embed_ft2_s2,opq_embed_ft2_s2,test_embed_fuji,asymmetry,3507,-0.03712775147135,-0.0549265510413598,-0.0205004279576948,0.0,False,-0.0029877194428418,-0.0486145581166046,0.0389370081289973,0.86
cb_embed_ft2_s2,opq_embed_ft2_s2,test_embed_fuji,distortion,3324,0.0599228234541624,-0.0010716826210079,0.1558056314476683,0.24,False,0.0077465498136395,-0.1012422907410011,0.133352673078063,0.8533333333333334
cb_embed_ft2_s2,opq_embed_ft2_s2,test_embed_fuji,birads,3620,0.0022194260325307,-0.0447966867830405,0.0162588636196296,0.58,False,,,,
cb_embed_ft2_s2,opq_embed_ft2_s2,test_embed_ge,density,23174,0.0255603480393423,0.0171716029034386,0.0341194056694918,0.0,False,,,,
cb_embed_ft2_s2,opq_embed_ft2_s2,test_embed_ge,mass,18164,0.039539472210641,0.028235519738687,0.0506753160979825,0.0,False,-0.0008267075346726,-0.0142877376673783,0.0110182259714191,0.96
cb_embed_ft2_s2,opq_embed_ft2_s2,test_embed_ge,mass_shape,760,0.0281785484788881,-0.0253294371184106,0.0804812079618694,0.3066666666666666,False,,,,
cb_embed_ft2_s2,opq_embed_ft2_s2,test_embed_ge,mass_margin,669,0.0539901313374185,0.000375362493067,0.0962286897945871,0.0533333333333333,False,,,,
cb_embed_ft2_s2,opq_embed_ft2_s2,test_embed_ge,calc,18613,0.0400155150274048,0.0302505910915579,0.0542708811203298,0.0,False,0.0423235601584131,0.0291110096268751,0.0578363917847321,0.0
cb_embed_ft2_s2,opq_embed_ft2_s2,test_embed_ge,calc_morphology,1123,0.0035386330936141,-0.0244605338421404,0.0312980023818457,0.78,False,,,,
cb_embed_ft2_s2,opq_embed_ft2_s2,test_embed_ge,calc_distribution,499,0.0002119135780253,-0.0296965956924142,0.0384474877062967,0.92,False,,,,
cb_embed_ft2_s2,opq_embed_ft2_s2,test_embed_ge,asymmetry,18899,-0.0160648017666245,-0.0242286778119613,-0.0082822491982964,0.0,True,0.0157073270898665,0.0042262261428193,0.0275461251136454,0.0066666666666666
cb_embed_ft2_s2,opq_embed_ft2_s2,test_embed_ge,distortion,17266,0.0027062746949143,-0.0373876252129369,0.032888302160309,0.78,False,-0.0312532690149685,-0.0868242917448538,0.0299529375194149,0.3466666666666667
cb_embed_ft2_s2,opq_embed_ft2_s2,test_embed_ge,birads,21363,-0.042421495296637,-0.0643567557953527,-0.023423619382099,0.0,False,,,,
cb_embed_ft2_s2,opq_embed_ft2_s2,test_embed_ge,malignant,324,-0.0388501369745659,-0.1032528465323516,0.0279240060570833,0.3,False,-0.0020908896949006,-0.0727425030599756,0.0787971041699336,0.9466666666666668
cb_embed_ft2_s2,opq_embed_ft2_s2,test_inbreast,density,409,-0.0210967229543435,-0.0720559458276451,0.0304342936133756,0.48,False,,,,
cb_embed_ft2_s2,opq_embed_ft2_s2,test_inbreast,mass,410,0.0609624136124085,0.0058380932586872,0.1051882034272128,0.02,False,0.0546051017905321,0.0172815046740173,0.0964746381738908,0.0133333333333333
cb_embed_ft2_s2,opq_embed_ft2_s2,test_inbreast,calc,410,-0.0272729905930519,-0.0707307535079146,0.0180956425066045,0.22,False,0.0363509039979629,-0.0211572137570076,0.0924771007223275,0.18
cb_embed_ft2_s2,opq_embed_ft2_s2,test_inbreast,asymmetry,410,-0.0189719524173305,-0.0764141467351592,0.0282675528791214,0.5266666666666666,False,0.0082972582972583,-0.1046508316245157,0.1458866047007188,0.9333333333333332
cb_embed_ft2_s2,opq_embed_ft2_s2,test_inbreast,distortion,410,0.033531446524279,-0.0425139629312768,0.0971348058226672,0.4733333333333333,False,-0.0417690417690418,-0.24724399539767,0.0738374263793705,0.6947368421052632
cb_embed_ft2_s2,opq_embed_ft2_s2,test_inbreast,birads,410,-0.2553792267651198,-0.3164268307734884,-0.1874833462713422,0.0,False,,,,
cb_embed_ft2_s2,opq_embed_ft2_s2,test_vindr,density,2000,0.0357023027478831,-0.0221990367467411,0.0881356769940302,0.2666666666666666,False,,,,
cb_embed_ft2_s2,opq_embed_ft2_s2,test_vindr,mass,2000,0.0040514794449598,-0.0367465667462613,0.0404581084928823,0.82,False,0.0147516741943986,-0.0077114045927809,0.0443972134413741,0.2466666666666666
cb_embed_ft2_s2,opq_embed_ft2_s2,test_vindr,calc,2000,0.0561393730262742,-0.007833489496618,0.1158610393422689,0.1,False,0.0267500285485896,-0.0186225629639175,0.0768987467950189,0.3266666666666666
cb_embed_ft2_s2,opq_embed_ft2_s2,test_vindr,asymmetry,2000,0.0096780388691239,-0.0660745209196924,0.0831422290692412,0.84,False,0.0240169876253936,-0.0313750244911124,0.0779832065863196,0.36
cb_embed_ft2_s2,opq_embed_ft2_s2,test_vindr,distortion,2000,-0.0556199866859928,-0.1328889595150626,0.0021529887293074,0.1933333333333333,False,-0.0227052766056289,-0.2230584644312499,0.1356180453360958,0.86
cb_embed_ft2_s2,opq_embed_ft2_s2,test_vindr,birads,2000,-0.209870423656462,-0.2556298759409048,-0.1653426100931523,0.0,False,,,,
