bb,set,k,method,old,new,delta
dinov2,test_cdd_cesm,25,cb_zero,0.7747,0.7848,0.0101
dinov2,test_cdd_cesm,25,cb_refit_head_fixedC,0.8442,0.8358,-0.0084
dinov2,test_cdd_cesm,25,opq_zero,0.8326,0.824,-0.0085
dinov2,test_cdd_cesm,25,opq_refit_head_fixedC,0.8112,0.8038,-0.0075
dinov2,test_cdd_cesm,100,cb_zero,0.781,0.7843,0.0033
dinov2,test_cdd_cesm,100,cb_refit_head_fixedC,0.853,0.8394,-0.0136
dinov2,test_cdd_cesm,100,opq_zero,0.8367,0.8213,-0.0154
dinov2,test_cdd_cesm,100,opq_refit_head_fixedC,0.8313,0.8506,0.0193
dinov2,test_cmmd,25,cb_zero,0.74,0.7694,0.0294
dinov2,test_cmmd,25,cb_refit_head_fixedC,0.7628,0.7308,-0.032
dinov2,test_cmmd,25,opq_zero,0.7663,0.7801,0.0139
dinov2,test_cmmd,25,opq_refit_head_fixedC,0.7062,0.6794,-0.0268
dinov2,test_cmmd,100,cb_zero,0.7396,0.7694,0.0297
dinov2,test_cmmd,100,cb_refit_head_fixedC,0.771,0.7597,-0.0113
dinov2,test_cmmd,100,opq_zero,0.7657,0.78,0.0143
dinov2,test_cmmd,100,opq_refit_head_fixedC,0.7438,0.7468,0.0031
ft2,test_cdd_cesm,25,cb_zero,0.7885,0.7422,-0.0463
ft2,test_cdd_cesm,25,cb_refit_head_fixedC,0.8617,0.8496,-0.0121
ft2,test_cdd_cesm,25,opq_zero,0.8454,0.7982,-0.0472
ft2,test_cdd_cesm,25,opq_refit_head_fixedC,0.8389,0.808,-0.0309
ft2,test_cdd_cesm,100,cb_zero,0.7917,0.7395,-0.0522
ft2,test_cdd_cesm,100,cb_refit_head_fixedC,0.8712,0.8555,-0.0156
ft2,test_cdd_cesm,100,opq_zero,0.8454,0.793,-0.0523
ft2,test_cdd_cesm,100,opq_refit_head_fixedC,0.856,0.8459,-0.0102
ft2,test_cmmd,25,cb_zero,0.7278,0.7435,0.0156
ft2,test_cmmd,25,cb_refit_head_fixedC,0.767,0.7388,-0.0281
ft2,test_cmmd,25,opq_zero,0.7803,0.7481,-0.0321
ft2,test_cmmd,25,opq_refit_head_fixedC,0.7156,0.6881,-0.0275
ft2,test_cmmd,100,cb_zero,0.727,0.7433,0.0164
ft2,test_cmmd,100,cb_refit_head_fixedC,0.7856,0.7764,-0.0092
ft2,test_cmmd,100,opq_zero,0.7801,0.7482,-0.0318
ft2,test_cmmd,100,opq_refit_head_fixedC,0.7605,0.7526,-0.008
