bb,set,k,contrast,mean,lo,hi,frac_gt0,seed_min,seed_max,n
dinov2,test_cdd_cesm,25,CBrefit - OPQpartialFT,0.0273,-0.0468,0.2068,0.6333,0.0076,0.048,90
dinov2,test_cdd_cesm,25,CBrefit - OPQrefit,0.0195,-0.0494,0.1328,0.5333,0.0108,0.0247,90
dinov2,test_cdd_cesm,25,CBrefit - CBzero,0.0444,-0.0155,0.0817,0.9444,0.0209,0.0681,90
dinov2,test_cdd_cesm,25,OPQpartialFT - OPQzero,-0.0227,-0.201,0.0361,0.4556,-0.0444,-0.0013,90
dinov2,test_cdd_cesm,25,CBcorrection - CBzero,0.0376,-0.0188,0.0809,0.9333,0.0183,0.0611,90
dinov2,test_cdd_cesm,100,CBrefit - OPQpartialFT,-0.0087,-0.048,0.0399,0.3333,-0.0178,-0.0019,90
dinov2,test_cdd_cesm,100,CBrefit - OPQrefit,-0.0071,-0.0464,0.0448,0.2444,-0.0159,0.0066,90
dinov2,test_cdd_cesm,100,CBrefit - CBzero,0.0574,0.0136,0.0959,1.0,0.0382,0.0771,90
dinov2,test_cdd_cesm,100,OPQpartialFT - OPQzero,0.0276,-0.0282,0.0572,0.9222,0.02,0.0327,90
dinov2,test_cdd_cesm,100,CBcorrection - CBzero,0.0552,0.0081,0.0955,1.0,0.037,0.0748,90
dinov2,test_cmmd,25,CBrefit - OPQpartialFT,0.0523,-0.0373,0.1592,0.9111,0.0409,0.0583,90
dinov2,test_cmmd,25,CBrefit - OPQrefit,0.0473,-0.0452,0.2142,0.6222,0.0387,0.0561,90
dinov2,test_cmmd,25,CBrefit - CBzero,-0.0447,-0.1599,-0.0016,0.0222,-0.0489,-0.0407,90
dinov2,test_cmmd,25,OPQpartialFT - OPQzero,-0.108,-0.2544,-0.0469,0.0,-0.1154,-0.1,90
dinov2,test_cmmd,25,CBcorrection - CBzero,-0.0094,-0.1116,0.0127,0.5889,-0.0096,-0.009,90
dinov2,test_cmmd,100,CBrefit - OPQpartialFT,0.0397,-0.0076,0.1035,0.9333,0.0326,0.0442,90
dinov2,test_cmmd,100,CBrefit - OPQrefit,0.0054,-0.0395,0.1047,0.4889,-0.0013,0.0178,90
dinov2,test_cmmd,100,CBrefit - CBzero,-0.0135,-0.0495,0.0183,0.2444,-0.0184,-0.008,90
dinov2,test_cmmd,100,OPQpartialFT - OPQzero,-0.064,-0.1515,-0.0121,0.0,-0.0695,-0.0542,90
dinov2,test_cmmd,100,CBcorrection - CBzero,-0.0009,-0.0384,0.0154,0.7222,-0.0031,0.0034,90
dinov2,test_embed_ge,25,CBrefit - OPQpartialFT,0.0325,-0.1022,0.1301,0.7333,0.0199,0.0492,90
dinov2,test_embed_ge,25,CBrefit - OPQrefit,0.0149,-0.0964,0.1523,0.5444,-0.0078,0.0311,90
dinov2,test_embed_ge,25,CBrefit - CBzero,-0.0447,-0.1923,0.0177,0.1,-0.0547,-0.0298,90
dinov2,test_embed_ge,25,OPQpartialFT - OPQzero,-0.1329,-0.2123,-0.034,0.0,-0.1429,-0.1208,90
dinov2,test_embed_ge,25,CBcorrection - CBzero,-0.0126,-0.1118,0.0192,0.3778,-0.0144,-0.0098,90
dinov2,test_embed_ge,100,CBrefit - OPQpartialFT,0.0391,-0.056,0.147,0.8,0.0272,0.0575,90
dinov2,test_embed_ge,100,CBrefit - OPQrefit,-0.0129,-0.1139,0.0918,0.3778,-0.0254,-0.0046,90
dinov2,test_embed_ge,100,CBrefit - CBzero,-0.0196,-0.1127,0.059,0.3111,-0.0297,-0.0076,90
dinov2,test_embed_ge,100,OPQpartialFT - OPQzero,-0.1188,-0.2127,-0.0341,0.0,-0.1317,-0.102,90
dinov2,test_embed_ge,100,CBcorrection - CBzero,-0.0069,-0.102,0.0417,0.5333,-0.0145,-0.0002,90
ft2,test_cdd_cesm,25,CBrefit - OPQpartialFT,-0.0238,-0.1366,0.05,0.2778,-0.0426,0.0003,90
ft2,test_cdd_cesm,25,CBrefit - OPQrefit,0.046,-0.0869,0.2814,0.6889,0.0048,0.0896,90
ft2,test_cdd_cesm,25,CBrefit - CBzero,0.093,-0.001,0.15,0.9667,0.0607,0.124,90
ft2,test_cdd_cesm,25,OPQpartialFT - OPQzero,0.0599,0.0052,0.1064,0.9889,0.045,0.0728,90
ft2,test_cdd_cesm,25,CBcorrection - CBzero,0.0663,0.0004,0.1423,0.9778,0.0382,0.0927,90
ft2,test_cdd_cesm,100,CBrefit - OPQpartialFT,-0.0247,-0.0657,0.0256,0.1556,-0.0411,-0.0091,90
ft2,test_cdd_cesm,100,CBrefit - OPQrefit,0.0064,-0.0439,0.1,0.4333,-0.0145,0.04,90
ft2,test_cdd_cesm,100,CBrefit - CBzero,0.1112,0.0598,0.1612,0.9889,0.0792,0.1383,90
ft2,test_cdd_cesm,100,OPQpartialFT - OPQzero,0.081,0.0349,0.1273,1.0,0.0605,0.1019,90
ft2,test_cdd_cesm,100,CBcorrection - CBzero,0.1033,0.0413,0.1613,0.9889,0.0673,0.1335,90
ft2,test_cmmd,25,CBrefit - OPQpartialFT,-0.0364,-0.1196,0.0639,0.1778,-0.0608,-0.0093,90
ft2,test_cmmd,25,CBrefit - OPQrefit,0.0819,-0.0323,0.2492,0.8667,0.0753,0.0868,90
ft2,test_cmmd,25,CBrefit - CBzero,-0.0109,-0.1108,0.0667,0.3889,-0.0404,0.0237,90
ft2,test_cmmd,25,OPQpartialFT - OPQzero,0.0205,-0.0701,0.0658,0.7778,0.0195,0.021,90
ft2,test_cmmd,25,CBcorrection - CBzero,-0.0,-0.1007,0.0667,0.6889,-0.0158,0.0207,90
ft2,test_cmmd,100,CBrefit - OPQpartialFT,-0.024,-0.0692,0.0312,0.1222,-0.0359,-0.0117,90
ft2,test_cmmd,100,CBrefit - OPQrefit,0.0178,-0.0262,0.1142,0.6111,0.0093,0.0335,90
ft2,test_cmmd,100,CBrefit - CBzero,0.0233,-0.0233,0.0759,0.8111,0.0032,0.05,90
ft2,test_cmmd,100,OPQpartialFT - OPQzero,0.0428,-0.0071,0.0773,0.9667,0.0387,0.0495,90
ft2,test_cmmd,100,CBcorrection - CBzero,0.0315,-0.0074,0.0749,0.9444,0.0105,0.053,90
ft2,test_embed_ge,25,CBrefit - OPQpartialFT,-0.0973,-0.2371,-0.0033,0.0111,-0.1011,-0.0904,90
ft2,test_embed_ge,25,CBrefit - OPQrefit,-0.0043,-0.15,0.0997,0.5556,-0.0201,0.0062,90
ft2,test_embed_ge,25,CBrefit - CBzero,-0.0743,-0.258,0.0052,0.0778,-0.083,-0.0625,90
ft2,test_embed_ge,25,OPQpartialFT - OPQzero,-0.0138,-0.1163,0.0518,0.4111,-0.0397,0.0171,90
ft2,test_embed_ge,25,CBcorrection - CBzero,-0.0249,-0.1949,0.0165,0.4222,-0.0374,-0.0141,90
ft2,test_embed_ge,100,CBrefit - OPQpartialFT,-0.057,-0.1451,0.0424,0.1333,-0.0746,-0.0427,90
ft2,test_embed_ge,100,CBrefit - OPQrefit,-0.0243,-0.1318,0.0949,0.3111,-0.041,0.0033,90
ft2,test_embed_ge,100,CBrefit - CBzero,-0.0306,-0.1173,0.0335,0.2444,-0.0526,-0.0155,90
ft2,test_embed_ge,100,OPQpartialFT - OPQzero,-0.0205,-0.1071,0.0538,0.3111,-0.0384,-0.0015,90
ft2,test_embed_ge,100,CBcorrection - CBzero,-0.0083,-0.0816,0.013,0.4222,-0.016,-0.0035,90
