bb,set,k_patients,cb_zero,cb_refit_head_cvC,cb_correction_cvC,opq_zero,opq_refit_head_cvC,opq_partial_ft
dinov2,test_cdd_cesm,25,0.7837,0.8282,0.8213,0.8236,0.8086,0.8009
dinov2,test_cdd_cesm,100,0.7876,0.845,0.8428,0.826,0.852,0.8536
dinov2,test_cmmd,25,0.7695,0.7249,0.7601,0.7805,0.6775,0.6725
dinov2,test_cmmd,100,0.7701,0.7566,0.7692,0.7808,0.7512,0.7169
dinov2,test_embed_ge,25,0.663,0.6184,0.6504,0.7189,0.6035,0.5859
dinov2,test_embed_ge,100,0.6642,0.6446,0.6573,0.7244,0.6575,0.6056
ft2,test_cdd_cesm,25,0.7404,0.8335,0.8067,0.7973,0.7875,0.8572
ft2,test_cdd_cesm,100,0.7446,0.8558,0.8479,0.7995,0.8495,0.8805
ft2,test_cmmd,25,0.7439,0.733,0.7439,0.7489,0.6511,0.7694
ft2,test_cmmd,100,0.7438,0.7671,0.7753,0.7483,0.7493,0.7911
ft2,test_embed_ge,25,0.6513,0.577,0.6264,0.6882,0.5813,0.6744
ft2,test_embed_ge,100,0.6455,0.6149,0.6372,0.6925,0.6393,0.672
