endpoint,subset,arm,backbone,seed,score,n,n_pos,n_groups,auc,lo,hi
retro_M34_vs_M12,all,cb,dinov2,s0,birads3,305,51,304,0.632623127991354,0.5497892199332564,0.71247999168697
retro_M34_vs_M12,device_Siemens,cb,dinov2,s0,birads3,237,40,236,0.6678934010152284,0.5725503891277324,0.7657899904701174
retro_M34_vs_M12,device_Agfa,cb,dinov2,s0,birads3,66,10,66,0.5839285714285715,0.3826719576719577,0.7801770320197043
retro_M34_vs_M12,all,cb,dinov2,s0,malig,305,51,304,0.5218851320055581,0.4361649646011505,0.6065501052413013
retro_M34_vs_M12,device_Siemens,cb,dinov2,s0,malig,237,40,236,0.5396573604060914,0.44095415029463086,0.6269147713775101
retro_M34_vs_M12,device_Agfa,cb,dinov2,s0,malig,66,10,66,0.4848214285714285,0.3009088310465429,0.6810441794704969
retro_M34_vs_M12,all,cb,dinov2,s1,birads3,305,51,304,0.6115485564304461,0.531743833267379,0.6907901362903754
retro_M34_vs_M12,device_Siemens,cb,dinov2,s1,birads3,237,40,236,0.6719543147208121,0.581837731717613,0.760217006342767
retro_M34_vs_M12,device_Agfa,cb,dinov2,s1,birads3,66,10,66,0.5357142857142858,0.3662455357142857,0.7025066410861864
retro_M34_vs_M12,all,cb,dinov2,s1,malig,305,51,304,0.498571869692759,0.41586237144177224,0.5804878438061145
retro_M34_vs_M12,device_Siemens,cb,dinov2,s1,malig,237,40,236,0.5076142131979695,0.40445900745645735,0.6052666199938622
retro_M34_vs_M12,device_Agfa,cb,dinov2,s1,malig,66,10,66,0.49196428571428574,0.3111111111111111,0.6682808716707022
retro_M34_vs_M12,all,cb,dinov2,s2,birads3,305,51,304,0.631156399567701,0.5536900073549427,0.7101717375984311
retro_M34_vs_M12,device_Siemens,cb,dinov2,s2,birads3,237,40,236,0.6909898477157361,0.6019420091209962,0.7802381702812611
retro_M34_vs_M12,device_Agfa,cb,dinov2,s2,birads3,66,10,66,0.4767857142857143,0.29444220430107526,0.659528874604632
retro_M34_vs_M12,all,cb,dinov2,s2,malig,305,51,304,0.46850393700787396,0.3890123147526528,0.5500290373860793
retro_M34_vs_M12,device_Siemens,cb,dinov2,s2,malig,237,40,236,0.5106598984771573,0.41158747133381857,0.6088149785827197
retro_M34_vs_M12,device_Agfa,cb,dinov2,s2,malig,66,10,66,0.3455357142857143,0.1803031029303678,0.5206774149844194
retro_M34_vs_M12,all,cb,ft2,s0,birads3,305,51,304,0.6819515207657867,0.6062441108021502,0.7531138371044125
retro_M34_vs_M12,device_Siemens,cb,ft2,s0,birads3,237,40,236,0.726522842639594,0.6418582339754941,0.8125766309126186
retro_M34_vs_M12,device_Agfa,cb,ft2,s0,birads3,66,10,66,0.6142857142857143,0.46973736424394325,0.755376492194674
retro_M34_vs_M12,all,cb,ft2,s0,malig,305,51,304,0.4882661726107767,0.39434271128775444,0.5819543484676429
retro_M34_vs_M12,device_Siemens,cb,ft2,s0,malig,237,40,236,0.5161167512690356,0.40817186122689864,0.6244805131882485
retro_M34_vs_M12,device_Agfa,cb,ft2,s0,malig,66,10,66,0.42410714285714285,0.2223129618226601,0.6295142934561713
retro_M34_vs_M12,all,cb,ft2,s1,birads3,305,51,304,0.6055272502701868,0.5191429243397256,0.6879699093143308
retro_M34_vs_M12,device_Siemens,cb,ft2,s1,birads3,237,40,236,0.6540609137055837,0.5538006672371434,0.7507791148218265
retro_M34_vs_M12,device_Agfa,cb,ft2,s1,birads3,66,10,66,0.39821428571428574,0.23797270910907276,0.5690677966101692
retro_M34_vs_M12,all,cb,ft2,s1,malig,305,51,304,0.5005789717461788,0.4147361753553562,0.585199868766404
retro_M34_vs_M12,device_Siemens,cb,ft2,s1,malig,237,40,236,0.5107868020304569,0.4035203815167904,0.6136774348662354
retro_M34_vs_M12,device_Agfa,cb,ft2,s1,malig,66,10,66,0.4803571428571429,0.2995643092805449,0.6561848109517601
retro_M34_vs_M12,all,cb,ft2,s2,birads3,305,51,304,0.5920951057588388,0.5132364259509973,0.6694823342492353
retro_M34_vs_M12,device_Siemens,cb,ft2,s2,birads3,237,40,236,0.6489847715736041,0.5508142088174982,0.7415078977211361
retro_M34_vs_M12,device_Agfa,cb,ft2,s2,birads3,66,10,66,0.4,0.2297459693808427,0.5956628860286307
retro_M34_vs_M12,all,cb,ft2,s2,malig,305,51,304,0.5603674540682415,0.46888178719799234,0.6495085993846357
retro_M34_vs_M12,device_Siemens,cb,ft2,s2,malig,237,40,236,0.6156091370558375,0.5129110291139973,0.7238393082480269
retro_M34_vs_M12,device_Agfa,cb,ft2,s2,malig,66,10,66,0.4205357142857143,0.2221625344352617,0.6164019263516389
retro_M34_vs_M12,all,opq,dinov2,s0,birads3,305,51,304,0.5805928670680871,0.5036049197860962,0.6550858284775753
retro_M34_vs_M12,device_Siemens,opq,dinov2,s0,birads3,237,40,236,0.632741116751269,0.5477607478728169,0.7168714017940823
retro_M34_vs_M12,device_Agfa,opq,dinov2,s0,birads3,66,10,66,0.5285714285714285,0.34708592640025615,0.7115009746588694
retro_M34_vs_M12,all,opq,dinov2,s0,malig,305,51,304,0.49606299212598426,0.41565347042660805,0.5764527743246459
retro_M34_vs_M12,device_Siemens,opq,dinov2,s0,malig,237,40,236,0.4825507614213198,0.37911537152437413,0.5830208258944511
retro_M34_vs_M12,device_Agfa,opq,dinov2,s0,malig,66,10,66,0.5214285714285715,0.31426036155202813,0.7305567528735631
retro_M34_vs_M12,all,opq,dinov2,s1,birads3,305,51,304,0.5981936081519222,0.5189916498031246,0.6749361123618004
retro_M34_vs_M12,device_Siemens,opq,dinov2,s1,birads3,237,40,236,0.6668781725888325,0.5741085081414546,0.7575679681342564
retro_M34_vs_M12,device_Agfa,opq,dinov2,s1,birads3,66,10,66,0.5214285714285714,0.30498077526679224,0.7373092825529932
retro_M34_vs_M12,all,opq,dinov2,s1,malig,305,51,304,0.5170603674540682,0.4316711703511289,0.5979971742460843
retro_M34_vs_M12,device_Siemens,opq,dinov2,s1,malig,237,40,236,0.5031725888324873,0.4046168345996573,0.598954213599062
retro_M34_vs_M12,device_Agfa,opq,dinov2,s1,malig,66,10,66,0.6080357142857142,0.43466132372537536,0.7737935134588138
retro_M34_vs_M12,all,opq,dinov2,s2,birads3,305,51,304,0.595877721167207,0.5228931940831324,0.6673650412027092
retro_M34_vs_M12,device_Siemens,opq,dinov2,s2,birads3,237,40,236,0.6543147208121828,0.5727168215233542,0.7360665079931226
retro_M34_vs_M12,device_Agfa,opq,dinov2,s2,birads3,66,10,66,0.4660714285714286,0.31108151735270373,0.628107869831712
retro_M34_vs_M12,all,opq,dinov2,s2,malig,305,51,304,0.5034352323606608,0.42069783373610964,0.5857836254280542
retro_M34_vs_M12,device_Siemens,opq,dinov2,s2,malig,237,40,236,0.5104060913705584,0.4084125725163162,0.607929723631567
retro_M34_vs_M12,device_Agfa,opq,dinov2,s2,malig,66,10,66,0.5401785714285714,0.38459443099273605,0.6875
retro_M34_vs_M12,all,opq,ft2,s0,birads3,305,51,304,0.5890072564458854,0.511346095576489,0.6636942167084884
retro_M34_vs_M12,device_Siemens,opq,ft2,s0,birads3,237,40,236,0.6631979695431472,0.5699492351550379,0.7527712479270314
retro_M34_vs_M12,device_Agfa,opq,ft2,s0,birads3,66,10,66,0.48928571428571427,0.25397404244716754,0.7349428853218668
retro_M34_vs_M12,all,opq,ft2,s0,malig,305,51,304,0.5640342751273737,0.47225469860880614,0.6588619420391728
retro_M34_vs_M12,device_Siemens,opq,ft2,s0,malig,237,40,236,0.5851522842639594,0.48843190940277353,0.6820793773719006
retro_M34_vs_M12,device_Agfa,opq,ft2,s0,malig,66,10,66,0.4401785714285715,0.202729044834308,0.685365202997916
retro_M34_vs_M12,all,opq,ft2,s1,birads3,305,51,304,0.5923266944573105,0.5159596823831277,0.6652789382058104
retro_M34_vs_M12,device_Siemens,opq,ft2,s1,birads3,237,40,236,0.6648477157360406,0.5776250596555165,0.7477303197310818
retro_M34_vs_M12,device_Agfa,opq,ft2,s1,birads3,66,10,66,0.5750000000000001,0.3919712475633528,0.7573879354508196
retro_M34_vs_M12,all,opq,ft2,s1,malig,305,51,304,0.4720163656013586,0.3844550764571485,0.5574835252414346
retro_M34_vs_M12,device_Siemens,opq,ft2,s1,malig,237,40,236,0.44333756345177666,0.3437670001101859,0.5484202316651088
retro_M34_vs_M12,device_Agfa,opq,ft2,s1,malig,66,10,66,0.5285714285714286,0.3454439128123339,0.7037261232176485
retro_M34_vs_M12,all,opq,ft2,s2,birads3,305,51,304,0.6120117338273892,0.5344395971590128,0.6889265091863515
retro_M34_vs_M12,device_Siemens,opq,ft2,s2,birads3,237,40,236,0.6838832487309644,0.5868674696640946,0.7835188450680337
retro_M34_vs_M12,device_Agfa,opq,ft2,s2,birads3,66,10,66,0.46785714285714286,0.27870370370370373,0.6721407343495349
retro_M34_vs_M12,all,opq,ft2,s2,malig,305,51,304,0.4871854253512429,0.3969929417904558,0.5810403125064066
retro_M34_vs_M12,device_Siemens,opq,ft2,s2,malig,237,40,236,0.4738578680203046,0.3755974861588674,0.5771882611834499
retro_M34_vs_M12,device_Agfa,opq,ft2,s2,malig,66,10,66,0.5107142857142857,0.2808333500090048,0.722336309523809
retro_M34_vs_M12,all,cb,dinov2,ens,birads3,305,51,304,0.6296896711440482,0.5525814374045073,0.7071892939814813
retro_M34_vs_M12,device_Siemens,cb,dinov2,ens,birads3,237,40,236,0.6842639593908629,0.5924219506753976,0.7753374791813548
retro_M34_vs_M12,device_Agfa,cb,dinov2,ens,birads3,66,10,66,0.5535714285714286,0.375,0.7232162326720756
retro_M34_vs_M12,all,cb,dinov2,ens,malig,305,51,304,0.497606916782461,0.413270057744004,0.5834333259283028
retro_M34_vs_M12,device_Siemens,cb,dinov2,ens,malig,237,40,236,0.5105329949238578,0.4109305881136239,0.603359896068947
retro_M34_vs_M12,device_Agfa,cb,dinov2,ens,malig,66,10,66,0.44642857142857145,0.27870370370370373,0.6222404371584699
retro_M34_vs_M12,all,cb,ft2,ens,birads3,305,51,304,0.6290721012814574,0.5497975569353524,0.7014237403775355
retro_M34_vs_M12,device_Siemens,cb,ft2,ens,birads3,237,40,236,0.6889593908629441,0.5936662217541797,0.7791050437174128
retro_M34_vs_M12,device_Agfa,cb,ft2,ens,birads3,66,10,66,0.4642857142857143,0.3021442495126706,0.6293213878597891
retro_M34_vs_M12,all,cb,ft2,ens,malig,305,51,304,0.4927821522309711,0.402426168575519,0.5803751263835675
retro_M34_vs_M12,device_Siemens,cb,ft2,ens,malig,237,40,236,0.5479060913705583,0.4413691155258327,0.6490313922726714
retro_M34_vs_M12,device_Agfa,cb,ft2,ens,malig,66,10,66,0.3642857142857143,0.19303210857332012,0.543801652892562
retro_M34_vs_M12,all,opq,dinov2,ens,birads3,305,51,304,0.5914775358962482,0.5179352193418861,0.6650953776112182
retro_M34_vs_M12,device_Siemens,opq,dinov2,ens,birads3,237,40,236,0.6527918781725889,0.5680496765451526,0.7359548041627616
retro_M34_vs_M12,device_Agfa,opq,dinov2,ens,birads3,66,10,66,0.4928571428571429,0.30505460987726474,0.6779760134800277
retro_M34_vs_M12,all,opq,dinov2,ens,malig,305,51,304,0.4988420565076424,0.4161193003425146,0.5775661958029615
retro_M34_vs_M12,device_Siemens,opq,dinov2,ens,malig,237,40,236,0.49873096446700504,0.394206382331203,0.5997044442138514
retro_M34_vs_M12,device_Agfa,opq,dinov2,ens,malig,66,10,66,0.5464285714285715,0.3657376580575733,0.7246081258854482
retro_M34_vs_M12,all,opq,ft2,ens,birads3,305,51,304,0.6071483711594874,0.5326152478010939,0.6813573394111743
retro_M34_vs_M12,device_Siemens,opq,ft2,ens,birads3,237,40,236,0.6889593908629441,0.6002679729214341,0.7714251879688384
retro_M34_vs_M12,device_Agfa,opq,ft2,ens,birads3,66,10,66,0.5196428571428571,0.27841943793334906,0.7672964559386969
retro_M34_vs_M12,all,opq,ft2,ens,malig,305,51,304,0.48209047398486954,0.39053306259511683,0.5714597862767153
retro_M34_vs_M12,device_Siemens,opq,ft2,ens,malig,237,40,236,0.4821065989847715,0.37873270706716544,0.5835444323857536
retro_M34_vs_M12,device_Agfa,opq,ft2,ens,malig,66,10,66,0.45535714285714285,0.2542372881355932,0.6551770320197045
retro_M34_vs_M12,all,cb-opq,dinov2,s0,birads3,305,51,304,0.0520302609232669,-0.009680258560447194,0.11184799500016879
retro_M34_vs_M12,all,cb-opq,dinov2,s1,birads3,305,51,304,0.013354948278523904,-0.042890105035060154,0.07096458318535878
retro_M34_vs_M12,all,cb-opq,dinov2,s2,birads3,305,51,304,0.035278678400493924,-0.023691413818491797,0.09287013516249863
retro_M34_vs_M12,all,cb-opq,ft2,s0,birads3,305,51,304,0.09294426431990133,0.02956726850225364,0.16231102362204716
retro_M34_vs_M12,all,cb-opq,ft2,s1,birads3,305,51,304,0.01320055581287638,-0.05336555703899864,0.08104146950861046
retro_M34_vs_M12,all,cb-opq,ft2,s2,birads3,305,51,304,-0.019916628068550324,-0.08111441294074884,0.04175311352878956
retro_M34_vs_M12,all,cb-opq,dinov2,ens,birads3,305,51,304,0.03821213524779998,-0.0125129545454545,0.08976475951869663
retro_M34_vs_M12,all,cb-opq,ft2,ens,birads3,305,51,304,0.02192373012197002,-0.030698064418178343,0.07353467609001689
outpatient_M6_vs_M12,breast,cb,dinov2,s0,malig,31,7,31,0.8630952380952381,0.6578804347826087,1.0
outpatient_M6_vs_M12,breast,cb,dinov2,s0,birads3,31,7,31,0.8571428571428572,0.6428571428571429,1.0
outpatient_M6_vs_M12,breast,cb,dinov2,s1,malig,31,7,31,0.8779761904761904,0.6461538461538462,1.0
outpatient_M6_vs_M12,breast,cb,dinov2,s1,birads3,31,7,31,0.8333333333333333,0.6000000000000001,1.0
outpatient_M6_vs_M12,breast,cb,dinov2,s2,malig,31,7,31,0.8422619047619047,0.5691918498168498,1.0
outpatient_M6_vs_M12,breast,cb,dinov2,s2,birads3,31,7,31,0.8154761904761905,0.5767806267806268,0.9923076923076923
outpatient_M6_vs_M12,breast,cb,ft2,s0,malig,31,7,31,0.5744047619047619,0.24541007905138343,0.9076128762541806
outpatient_M6_vs_M12,breast,cb,ft2,s0,birads3,31,7,31,0.8095238095238095,0.613095238095238,0.962962962962963
outpatient_M6_vs_M12,breast,cb,ft2,s1,malig,31,7,31,0.5,0.19328205128205128,0.823076923076923
outpatient_M6_vs_M12,breast,cb,ft2,s1,birads3,31,7,31,0.6785714285714286,0.45333333333333337,0.8846703296703295
outpatient_M6_vs_M12,breast,cb,ft2,s2,malig,31,7,31,0.4345238095238095,0.15759863123993556,0.7282763975155281
outpatient_M6_vs_M12,breast,cb,ft2,s2,birads3,31,7,31,0.7321428571428572,0.5076410256410256,0.9285714285714286
outpatient_M6_vs_M12,breast,opq,dinov2,s0,malig,31,7,31,0.8452380952380953,0.6666666666666667,0.9923076923076923
outpatient_M6_vs_M12,breast,opq,dinov2,s0,birads3,31,7,31,0.8333333333333333,0.6199523809523809,0.9881469979296066
outpatient_M6_vs_M12,breast,opq,dinov2,s1,malig,31,7,31,0.7738095238095238,0.5554700854700855,0.961559364548495
outpatient_M6_vs_M12,breast,opq,dinov2,s1,birads3,31,7,31,0.863095238095238,0.6206551724137931,1.0
outpatient_M6_vs_M12,breast,opq,dinov2,s2,malig,31,7,31,0.8452380952380952,0.56,1.0
outpatient_M6_vs_M12,breast,opq,dinov2,s2,birads3,31,7,31,0.8154761904761905,0.6203518518518519,0.9600769230769229
outpatient_M6_vs_M12,breast,opq,ft2,s0,malig,31,7,31,0.2976190476190476,0.037037037037037035,0.5999999999999999
outpatient_M6_vs_M12,breast,opq,ft2,s0,birads3,31,7,31,0.5892857142857143,0.28656410256410253,0.8705185185185184
outpatient_M6_vs_M12,breast,opq,ft2,s1,malig,31,7,31,0.47619047619047616,0.07692307692307691,0.875
outpatient_M6_vs_M12,breast,opq,ft2,s1,birads3,31,7,31,0.7797619047619048,0.535309996516893,0.9761904761904762
outpatient_M6_vs_M12,breast,opq,ft2,s2,malig,31,7,31,0.2946428571428571,0.0,0.6666666666666666
outpatient_M6_vs_M12,breast,opq,ft2,s2,birads3,31,7,31,0.630952380952381,0.2852216748768473,0.9468876811594201
outpatient_M6_vs_M12,breast,cb,dinov2,ens,malig,31,7,31,0.8630952380952381,0.6086454849498328,1.0
outpatient_M6_vs_M12,breast,cb,dinov2,ens,birads3,31,7,31,0.8154761904761905,0.5535714285714285,1.0
outpatient_M6_vs_M12,breast,cb,ft2,ens,malig,31,7,31,0.5416666666666666,0.22282114624505928,0.8703703703703703
outpatient_M6_vs_M12,breast,cb,ft2,ens,birads3,31,7,31,0.7380952380952381,0.5357142857142857,0.9259629629629629
outpatient_M6_vs_M12,breast,opq,dinov2,ens,malig,31,7,31,0.8392857142857143,0.6294814814814815,1.0
outpatient_M6_vs_M12,breast,opq,dinov2,ens,birads3,31,7,31,0.8571428571428571,0.6459890109890111,1.0
outpatient_M6_vs_M12,breast,opq,ft2,ens,malig,31,7,31,0.45833333333333337,0.04592948717948721,0.86
outpatient_M6_vs_M12,breast,opq,ft2,ens,birads3,31,7,31,0.744047619047619,0.4452926421404682,1.0
post_nact_residual_vs_complete,cancer_breast_hq,cb,dinov2,s0,malig,75,67,67,0.7798507462686568,0.6153607262302915,0.9201141552511415
post_nact_residual_vs_complete,cancer_breast_hq,cb,dinov2,s1,malig,75,67,67,0.6958955223880597,0.5630654761904762,0.8149923946110387
post_nact_residual_vs_complete,cancer_breast_hq,cb,dinov2,s2,malig,75,67,67,0.7192164179104479,0.5742694805194805,0.848524374176548
post_nact_residual_vs_complete,cancer_breast_hq,cb,ft2,s0,malig,75,67,67,0.6809701492537313,0.5358386752136752,0.8125
post_nact_residual_vs_complete,cancer_breast_hq,cb,ft2,s1,malig,75,67,67,0.6744402985074628,0.5226320841444949,0.8140349851955742
post_nact_residual_vs_complete,cancer_breast_hq,cb,ft2,s2,malig,75,67,67,0.7061567164179103,0.5439964678770649,0.8455882352941176
post_nact_residual_vs_complete,cancer_breast_hq,opq,dinov2,s0,malig,75,67,67,0.8283582089552238,0.7012619369877434,0.9333333333333333
post_nact_residual_vs_complete,cancer_breast_hq,opq,dinov2,s1,malig,75,67,67,0.7555970149253732,0.6078064903846154,0.8804471343873517
post_nact_residual_vs_complete,cancer_breast_hq,opq,dinov2,s2,malig,75,67,67,0.8134328358208955,0.6920301904016692,0.9211281148429035
post_nact_residual_vs_complete,cancer_breast_hq,opq,ft2,s0,malig,75,67,67,0.7220149253731343,0.5603729983959981,0.864454426851687
post_nact_residual_vs_complete,cancer_breast_hq,opq,ft2,s1,malig,75,67,67,0.7854477611940298,0.642936652499494,0.9000641025641026
post_nact_residual_vs_complete,cancer_breast_hq,opq,ft2,s2,malig,75,67,67,0.7854477611940298,0.6422945804195803,0.9038564047892406
post_nact_residual_vs_complete,cancer_breast_hq,cb,dinov2,ens,malig,75,67,67,0.753731343283582,0.6109002668732783,0.8769261294261295
post_nact_residual_vs_complete,cancer_breast_hq,cb,ft2,ens,malig,75,67,67,0.7182835820895522,0.5795836391811434,0.8402025014889815
post_nact_residual_vs_complete,cancer_breast_hq,opq,dinov2,ens,malig,75,67,67,0.8078358208955224,0.6843229166666668,0.9129407311269736
post_nact_residual_vs_complete,cancer_breast_hq,opq,ft2,ens,malig,75,67,67,0.8097014925373134,0.6866616915422886,0.912686192915066
