backbone,k,method,mean,sd,p2.5,p97.5,n_draws
dinov2,10,cb_offset_cvC,0.6040448156638974,0.06058389476589342,0.387650295750768,0.6407722415795587,90
dinov2,10,cb_refit_cvC,0.5408184800951951,0.09523323056659865,0.34843489298158287,0.6620208063713291,90
dinov2,10,cb_refit_fixedC,0.5402522876549617,0.09581917979702174,0.34761358885017424,0.6591525634644101,90
dinov2,10,cb_zero,0.6248656642094172,0.013470364954200247,0.597703067723584,0.6492599128390328,90
dinov2,10,opq_offset_cvC,0.5593601167660289,0.05408315880525107,0.4291747506497415,0.6529695702671312,90
dinov2,10,opq_refit_cvC,0.5294585117176676,0.055249150296131665,0.41170506331074935,0.6147699933631988,90
dinov2,10,opq_refit_fixedC,0.5292802269811355,0.05362439585634615,0.4261010204081632,0.609250837896134,90
dinov2,10,opq_zero,0.5916992783039002,0.01056979135969876,0.5702988219678116,0.6100089596814335,90
dinov2,10,probe_refit_cvC,0.5012689441041215,0.031860962214728124,0.44233294032286563,0.5667878098405352,90
dinov2,10,probe_refit_fixedC,0.5016486748929094,0.03272085891785422,0.43776806559248566,0.5664107430000138,90
dinov2,25,cb_offset_cvC,0.6098875819768352,0.04965970278063432,0.4508423888229386,0.6642787681126192,90
dinov2,25,cb_refit_cvC,0.5895838852352802,0.07473520910022582,0.42513183981168645,0.6974085940405663,90
dinov2,25,cb_refit_fixedC,0.5947339637249738,0.07218054739403731,0.4359555652865324,0.6979254682277655,90
dinov2,25,cb_zero,0.6237546508568925,0.014403448945064925,0.5941713048855907,0.6498744406903479,90
dinov2,25,opq_offset_cvC,0.5778070174177131,0.04512028471710779,0.4819136142045133,0.6505160451024488,90
dinov2,25,opq_refit_cvC,0.5513764865295127,0.04555971472959644,0.46787437935396176,0.6344811706226214,90
dinov2,25,opq_refit_fixedC,0.5585534772386354,0.046442667266003566,0.47663781062960064,0.6298262229386438,90
dinov2,25,opq_zero,0.5904958239730927,0.012471221707360149,0.5615961413613783,0.6150679491472113,90
dinov2,25,probe_refit_cvC,0.5011477433218295,0.03724103550970524,0.4297131630521901,0.5785466440410691,90
dinov2,25,probe_refit_fixedC,0.5011720912594727,0.03832456170712212,0.4236040599907925,0.5805680713843979,90
dinov2,50,cb_offset_cvC,0.617274302142722,0.030375576765714736,0.5476087893149504,0.6599819835538293,90
dinov2,50,cb_refit_cvC,0.6171042990158203,0.04610774287633067,0.5262143748699812,0.6853976457077231,90
dinov2,50,cb_refit_fixedC,0.6224994945448878,0.0516976861935811,0.515820813771518,0.7092814511024019,90
dinov2,50,cb_zero,0.6249937999956277,0.020426712773806418,0.5821214394576942,0.6592667512313901,90
dinov2,50,opq_offset_cvC,0.5957586150099232,0.03438877415965363,0.5268546582176645,0.6613311594398181,90
dinov2,50,opq_refit_cvC,0.5702373860087306,0.04499095886103586,0.4824196467749013,0.6445347970736048,90
dinov2,50,opq_refit_fixedC,0.5747852638125804,0.04088025778151654,0.5050018576131753,0.6510117929801028,90
dinov2,50,opq_zero,0.592796874433022,0.0194381151830302,0.5601720993845453,0.6283910042101859,90
dinov2,50,probe_refit_cvC,0.5012895634973588,0.043472578635487015,0.4229343776777313,0.5727113359435649,90
dinov2,50,probe_refit_fixedC,0.5044513274054362,0.04429429711636291,0.4205275601245324,0.5800983451685534,90
dinov2,100,cb_offset_cvC,0.620440647085043,0.03258999021915735,0.5437548758943616,0.678496677095815,90
dinov2,100,cb_refit_cvC,0.6334929721456709,0.04367870950888157,0.5439829229937589,0.7128258538195018,90
dinov2,100,cb_refit_fixedC,0.6514238567211619,0.04754615601860366,0.5672979261880191,0.7259126679703725,90
dinov2,100,cb_zero,0.6266142582097327,0.029299759960089572,0.575628590425822,0.680904357926924,90
dinov2,100,opq_offset_cvC,0.6049971684271618,0.04774301597204996,0.494671931944025,0.6869535765895953,90
dinov2,100,opq_refit_cvC,0.5688383663503667,0.05730908792798753,0.4462822545671383,0.6645358289084553,90
dinov2,100,opq_refit_fixedC,0.574912595215952,0.04995837393693738,0.4601386175573633,0.6542948626455765,90
dinov2,100,opq_zero,0.5898948297178701,0.030269271037617444,0.541102953308035,0.6434410530564377,90
dinov2,100,probe_refit_cvC,0.5064505539055387,0.04545413900194561,0.4180331979219166,0.5911875894341957,90
dinov2,100,probe_refit_fixedC,0.5105135828321086,0.044677653541358435,0.43048916573592194,0.5915967471926775,90
ft2,10,cb_offset_cvC,0.6077665604049665,0.06450886483029807,0.43597975775676123,0.6900653061224489,90
ft2,10,cb_refit_cvC,0.537386028679248,0.09479623350197731,0.3451768985835669,0.6880409040465446,90
ft2,10,cb_refit_fixedC,0.5368823549346466,0.09486472967677508,0.34273222166915546,0.682616075610572,90
ft2,10,cb_zero,0.6260907161353325,0.040599201191344074,0.5815132072341131,0.69392614778705,90
ft2,10,opq_offset_cvC,0.565010676295285,0.04319705216439898,0.4595466235274598,0.6208040816326531,90
ft2,10,opq_refit_cvC,0.5499524588206349,0.054879369057490635,0.39492076215540706,0.6295763426087329,90
ft2,10,opq_refit_fixedC,0.550519781780826,0.05314254866334006,0.4096092922275293,0.6271826148893694,90
ft2,10,opq_zero,0.5973608740085427,0.012188628130059772,0.5766759644017575,0.6216499585199933,90
ft2,10,probe_refit_cvC,0.5324832986424478,0.085857172253492,0.3535299485647918,0.6570495657837603,90
ft2,10,probe_refit_fixedC,0.5304898487741896,0.08515378230633533,0.3591449975111996,0.658512331741207,90
ft2,25,cb_offset_cvC,0.6063049370354204,0.05642893979821704,0.46693845277047075,0.693886298851717,90
ft2,25,cb_refit_cvC,0.5788847767725602,0.08119603334564665,0.40091424725444147,0.703707129004835,90
ft2,25,cb_refit_fixedC,0.5850069304460144,0.07840774734600665,0.4135550714050335,0.703742623072853,90
ft2,25,cb_zero,0.6252406242770205,0.04277188323043431,0.5762237620278786,0.6987444069034792,90
ft2,25,opq_offset_cvC,0.5660317358078008,0.0427977602015257,0.4761445137360397,0.6352548128766103,90
ft2,25,opq_refit_cvC,0.5488661112593808,0.05054708144832071,0.46223607526014354,0.650327516957242,90
ft2,25,opq_refit_fixedC,0.5543817290992447,0.046905186151665446,0.47337841708104694,0.6579861120654993,90
ft2,25,opq_zero,0.5979590535126512,0.01458559004393715,0.5755091254804805,0.6257494089834515,90
ft2,25,probe_refit_cvC,0.5693350195912169,0.056283277703399255,0.4616527975371876,0.6519883615103225,90
ft2,25,probe_refit_fixedC,0.5689080190913729,0.05281856164013611,0.47599706387852836,0.6517588297535059,90
ft2,50,cb_offset_cvC,0.611891327209598,0.053365663849187235,0.4866006031882809,0.6971780684104627,90
ft2,50,cb_refit_cvC,0.6024967141805415,0.0625080242877021,0.4350799094546476,0.706555796055796,90
ft2,50,cb_refit_fixedC,0.6092536076289764,0.06608243696586773,0.4313575754506234,0.7100952380952381,90
ft2,50,cb_zero,0.6254744868349593,0.04561215461279624,0.5679029350320131,0.7126308568445876,90
ft2,50,opq_offset_cvC,0.5681888024538254,0.05091583743081398,0.43542303790736653,0.6400058244202054,90
ft2,50,opq_refit_cvC,0.5562093596243656,0.057862848658848005,0.4195874514133814,0.6313913145503784,90
ft2,50,opq_refit_fixedC,0.5668192181037112,0.048318984444203066,0.45349368432819137,0.6372428678195269,90
ft2,50,opq_zero,0.5961292330175479,0.020253806738162797,0.5569841255392954,0.6272370173784183,90
ft2,50,probe_refit_cvC,0.5704016285583399,0.054245180836098535,0.43155576334185375,0.6509419988925803,90
ft2,50,probe_refit_fixedC,0.5653093052965708,0.056301631363824364,0.44913395251328553,0.6476989124302639,90
ft2,100,cb_offset_cvC,0.6220412535414224,0.050976236807186576,0.5325117744772327,0.7055196838291173,90
ft2,100,cb_refit_cvC,0.6281416871473494,0.055717801323330506,0.5031665041152864,0.7271057600063145,90
ft2,100,cb_refit_fixedC,0.6443668653568886,0.05822808828436546,0.5190436204164528,0.7336659564480696,90
ft2,100,cb_zero,0.6276362489947798,0.045337741513235684,0.5582101949303968,0.7217709597492404,90
ft2,100,opq_offset_cvC,0.5803957622738232,0.0393093470936803,0.5000515591486554,0.6576625467610584,90
ft2,100,opq_refit_cvC,0.5646655299892712,0.05112898013192765,0.4340568862275449,0.6460220453289368,90
ft2,100,opq_refit_fixedC,0.5798287125731787,0.045977090037218483,0.48359788649629004,0.6571826689596502,90
ft2,100,opq_zero,0.5987203647542513,0.03156638087925253,0.5384528130671506,0.6557486120947659,90
ft2,100,probe_refit_cvC,0.5737552445302941,0.04831067859966303,0.4892390128465179,0.6454117647058825,90
ft2,100,probe_refit_fixedC,0.5690272793466137,0.04806651023814877,0.46577648648310543,0.6424555726399407,90
