run,n,spearman_regression_pct_vs_Pmalig,p
cb_dinov2_s0,58,-0.19281561736991304,0.14702483738068492
cb_dinov2_s1,58,-0.12732031712106345,0.34088490516681247
cb_dinov2_s2,58,-0.12057503343982692,0.36728119187810615
cb_ft2_s0,58,-0.02793382522936321,0.8351140282674204
cb_ft2_s1,58,-0.055145991717496526,0.6809625104371031
cb_ft2_s2,58,-0.030272721256837987,0.8215257300265899
opq_dinov2_s0,58,-0.16928809880654175,0.2039470328391238
opq_dinov2_s1,58,-0.03087246812465591,0.818049585389983
opq_dinov2_s2,58,-0.22444523936314587,0.09030339488275457
opq_ft2_s0,58,-0.13601947659783128,0.30863776540490223
opq_ft2_s1,58,-0.06448535946423548,0.6305760806606374
opq_ft2_s2,58,-0.10637612147438766,0.4267533936664796
cb_dinov2_ens,58,-0.17689067342567188,0.18406721191437084
cb_ft2_ens,58,-0.05183293788913023,0.699189595965335
opq_dinov2_ens,58,-0.1394626137622619,0.29643549862047497
opq_ft2_ens,58,-0.10951401010066827,0.41316104634909423
