run,set,vendor,n,n_pos,n_pat,auc,lo,hi
cb_embed_dinov2_s0,test_embed,all,297,91,246,0.673076923076923,0.5935742926475256,0.7545453019314823
cb_embed_dinov2_s0,test_embed,hologic,297,91,246,0.673076923076923,0.5935742926475256,0.7545453019314823
cb_embed_dinov2_s0,test_embed_ge,all,324,109,244,0.664668231278003,0.6010237645841291,0.7274921102261688
cb_embed_dinov2_s0,test_embed_ge,ge,131,44,110,0.6051462904911181,0.4829545454545454,0.7052159231914066
cb_embed_dinov2_s0,test_embed_ge,hologic,186,63,148,0.7248032004129565,0.65009574069598,0.7990646343913219
cb_embed_dinov2_s1,test_embed,all,297,91,246,0.6990557985703617,0.6229041313131092,0.768584990869227
cb_embed_dinov2_s1,test_embed,hologic,297,91,246,0.6990557985703617,0.6229041313131092,0.768584990869227
cb_embed_dinov2_s1,test_embed_ge,all,324,109,244,0.6680179219116706,0.6122220824489175,0.7324504027596259
cb_embed_dinov2_s1,test_embed_ge,ge,131,44,110,0.6044932079414839,0.4911046294904776,0.6991479939258313
cb_embed_dinov2_s1,test_embed_ge,hologic,186,63,148,0.7229965156794425,0.6516957736356305,0.7888950254291163
cb_embed_dinov2_s2,test_embed,all,297,91,246,0.6787314627120452,0.5945242301303348,0.7539035359315789
cb_embed_dinov2_s2,test_embed,hologic,297,91,246,0.6787314627120452,0.5945242301303348,0.7539035359315789
cb_embed_dinov2_s2,test_embed_ge,all,324,109,244,0.6573287817367186,0.5935034499372734,0.7211878883193927
cb_embed_dinov2_s2,test_embed_ge,ge,131,44,110,0.6393678160919541,0.5347632671513451,0.7329963575750092
cb_embed_dinov2_s2,test_embed_ge,hologic,186,63,148,0.6718931475029036,0.5948582307414337,0.7526247450110864
cb_embed_ft2_s0,test_embed,all,297,91,246,0.6494718873359651,0.572849550600603,0.7271082501364267
cb_embed_ft2_s0,test_embed,hologic,297,91,246,0.6494718873359651,0.572849550600603,0.7271082501364267
cb_embed_ft2_s0,test_embed_ge,all,324,109,244,0.6504373799871985,0.5885582707623666,0.7135532063151879
cb_embed_ft2_s0,test_embed_ge,ge,131,44,110,0.6133751306165101,0.4981971679284445,0.7160501453488373
cb_embed_ft2_s0,test_embed_ge,hologic,186,63,148,0.6714414763195252,0.5999608033923655,0.7506251352813852
cb_embed_ft2_s1,test_embed,all,297,91,246,0.6276272271417902,0.5516825647843355,0.696519121303424
cb_embed_ft2_s1,test_embed,hologic,297,91,246,0.6276272271417902,0.5516825647843355,0.696519121303424
cb_embed_ft2_s1,test_embed_ge,all,324,109,244,0.6506080648602518,0.5871780169577396,0.722577199558448
cb_embed_ft2_s1,test_embed_ge,ge,131,44,110,0.6145506792058516,0.5026531469455561,0.7204690064784077
cb_embed_ft2_s1,test_embed_ge,hologic,186,63,148,0.6824751580849143,0.5995791874747779,0.7647634280714849
cb_embed_ft2_s2,test_embed,all,297,91,246,0.629600981542729,0.5513442205476458,0.7060774084774345
cb_embed_ft2_s2,test_embed,hologic,297,91,246,0.629600981542729,0.5513442205476458,0.7060774084774345
cb_embed_ft2_s2,test_embed_ge,all,324,109,244,0.6502240238958823,0.5867995377822519,0.7112209417084745
cb_embed_ft2_s2,test_embed_ge,ge,131,44,110,0.630355276907001,0.5111732935008797,0.7333955973142384
cb_embed_ft2_s2,test_embed_ge,hologic,186,63,148,0.663311395018712,0.5780076468806784,0.7364394305384705
opq_embed_dinov2_s0,test_embed,all,297,91,246,0.7166862263949643,0.6484618513767348,0.7845641502746766
opq_embed_dinov2_s0,test_embed,hologic,297,91,246,0.7166862263949643,0.6484618513767348,0.7845641502746766
opq_embed_dinov2_s0,test_embed_ge,all,324,109,244,0.7343503307019416,0.6821069205026443,0.789472348179969
opq_embed_dinov2_s0,test_embed_ge,ge,131,44,110,0.7374608150470219,0.6489339836047862,0.8199939914683769
opq_embed_dinov2_s0,test_embed_ge,hologic,186,63,148,0.7457736482126726,0.6590485074626865,0.8233555720971794
opq_embed_dinov2_s1,test_embed,all,297,91,246,0.685266190120559,0.613188404227559,0.7582982092191063
opq_embed_dinov2_s1,test_embed,hologic,297,91,246,0.685266190120559,0.613188404227559,0.7582982092191063
opq_embed_dinov2_s1,test_embed_ge,all,324,109,244,0.7056539364198848,0.6480830272948377,0.7655664206884293
opq_embed_dinov2_s1,test_embed_ge,ge,131,44,110,0.6624869383490073,0.5543965014577259,0.7644113904976843
opq_embed_dinov2_s1,test_embed_ge,hologic,186,63,148,0.7406762162859724,0.6675137505649535,0.8125701535680229
opq_embed_dinov2_s2,test_embed,all,297,91,246,0.7200202709911449,0.6478163074700972,0.7919748016472842
opq_embed_dinov2_s2,test_embed,hologic,297,91,246,0.7200202709911449,0.6478163074700972,0.7919748016472842
opq_embed_dinov2_s2,test_embed_ge,all,324,109,244,0.7225517388521442,0.6575232108382957,0.7886197323697324
opq_embed_dinov2_s2,test_embed_ge,ge,131,44,110,0.6952716823406478,0.5930273620420417,0.7854106200220724
opq_embed_dinov2_s2,test_embed_ge,hologic,186,63,148,0.7516453735965931,0.663171714733847,0.8284597534996957
opq_embed_ft2_s0,test_embed,all,297,91,246,0.6414701803051317,0.5659871652539232,0.7144252009729262
opq_embed_ft2_s0,test_embed,hologic,297,91,246,0.6414701803051317,0.5659871652539232,0.7144252009729262
opq_embed_ft2_s0,test_embed_ge,all,324,109,244,0.7296351610838488,0.6721009137156237,0.7888360547382725
opq_embed_ft2_s0,test_embed_ge,ge,131,44,110,0.7899686520376176,0.7081460108901515,0.8649863469863469
opq_embed_ft2_s0,test_embed_ge,hologic,186,63,148,0.6597625500064523,0.5723686497255874,0.7471979895104895
opq_embed_ft2_s1,test_embed,all,297,91,246,0.6659820761762509,0.5933654641638406,0.741685322887242
opq_embed_ft2_s1,test_embed,hologic,297,91,246,0.6659820761762509,0.5933654641638406,0.741685322887242
opq_embed_ft2_s1,test_embed_ge,all,324,109,244,0.6820780883294217,0.6174525931968976,0.7506714309831994
opq_embed_ft2_s1,test_embed_ge,ge,131,44,110,0.7170846394984326,0.6036358218137637,0.8278373999267113
opq_embed_ft2_s1,test_embed_ge,hologic,186,63,148,0.6312427409988386,0.538319950644179,0.726028393116433
opq_embed_ft2_s2,test_embed,all,297,91,246,0.6438440200576123,0.5695045877237488,0.7247253175741055
opq_embed_ft2_s2,test_embed,hologic,297,91,246,0.6438440200576123,0.5695045877237488,0.7247253175741055
opq_embed_ft2_s2,test_embed_ge,all,324,109,244,0.652314913590783,0.5881643775343802,0.7179387969964636
opq_embed_ft2_s2,test_embed_ge,ge,131,44,110,0.6814263322884012,0.5733248299319729,0.7908427139336918
opq_embed_ft2_s2,test_embed_ge,hologic,186,63,148,0.6051748612724223,0.5252889285015353,0.6825423226196903
